INSERT INTO category (id, name)
VALUES (1, 'security'),
       (2, 'traffic'),
       (3, 'bread'),
       (4, 'cleanliness'),
       (5, 'fuel');


INSERT INTO promise (id, category_id, title, status, completed_at) VALUES
(1, 1, 'promise.1.1', 'DONE', '2012-08-28'),
(2, 1, 'promise.1.2', 'NOT_DONE', null),
(3, 1, 'promise.1.3', 'NOT_DONE', null),
(4, 1, 'promise.1.4', 'IN_PROGRESS', null),
(5, 1, 'promise.1.5', 'IN_PROGRESS', null),
(6, 1, 'promise.1.6', 'IN_PROGRESS', null),
(7, 1, 'promise.1.7', 'NOT_DONE', null),
(8, 1, 'promise.1.8', 'NOT_DONE', null),
(9, 1, 'promise.1.9', 'IN_PROGRESS', null),
(10, 1, 'promise.1.10', 'IN_PROGRESS', null),
(11, 1, 'promise.1.11', 'IN_PROGRESS', null),
(12, 1, 'promise.1.12', 'NOT_DONE', null),
(13, 1, 'promise.1.13', 'NOT_DONE', null),
(14, 1, 'promise.1.14', 'NOT_DONE', null),
(15, 1, 'promise.1.15', 'NOT_DONE', null),
(16, 1, 'promise.1.16', 'IN_PROGRESS', null),
(17, 1, 'promise.1.17', 'NOT_DONE', null),
(18, 2, 'promise.2.1', 'IN_PROGRESS', null),
(19, 2, 'promise.2.2', 'NOT_DONE', null),
(20, 2, 'promise.2.3', 'NOT_DONE', null),
(21, 2, 'promise.2.4', 'NOT_DONE', null),
(22, 2, 'promise.2.5', 'DONE', '2012-08-28'),
(23, 2, 'promise.2.6', 'NOT_DONE', null),
(24, 2, 'promise.2.7', 'NOT_DONE', null),
(25, 2, 'promise.2.8', 'NOT_DONE', null),
(26, 2, 'promise.2.9', 'NOT_DONE', null),
(27, 2, 'promise.2.10', 'NOT_DONE', null),
(28, 2, 'promise.2.11', 'NOT_DONE', null),
(29, 2, 'promise.2.12', 'DONE', '2012-11-08'),
(30, 2, 'promise.2.13', 'NOT_DONE', null),
(31, 2, 'promise.2.14', 'NOT_DONE', null),
(32, 2, 'promise.2.15', 'NOT_DONE', null),
(33, 2, 'promise.2.16', 'IN_PROGRESS', null),
(34, 2, 'promise.2.17', 'IN_PROGRESS', '2012-10-07'),
(35, 2, 'promise.2.18', 'NOT_DONE', null),
(36, 2, 'promise.2.19', 'NOT_DONE', null),
(37, 2, 'promise.2.20', 'IN_PROGRESS', null),
(38, 2, 'promise.2.21', 'NOT_DONE', null),
(39, 3, 'promise.3.1', 'DONE', null),
(40, 3, 'promise.3.2', 'DONE', '2012-10-07'),
(41, 3, 'promise.3.3', 'NOT_DONE', null),
(42, 3, 'promise.3.4', 'IN_PROGRESS', null),
(43, 3, 'promise.3.5', 'DONE', '2012-10-07'),
(44, 3, 'promise.3.6', 'IN_PROGRESS', null),
(45, 3, 'promise.3.7', 'IN_PROGRESS', null),
(46, 3, 'promise.3.8', 'IN_PROGRESS', null),
(47, 3, 'promise.3.9', 'IN_PROGRESS', null),
(48, 3, 'promise.3.10', 'IN_PROGRESS', null),
(49, 3, 'promise.3.11', 'NOT_DONE', null),
(50, 3, 'promise.3.12', 'IN_PROGRESS', null),
(51, 3, 'promise.3.13', 'NOT_DONE', null),
(52, 4, 'promise.4.1', 'DONE', null),
(53, 4, 'promise.4.2', 'IN_PROGRESS', null),
(54, 4, 'promise.4.3', 'DONE', '2012-07-28'),
(55, 4, 'promise.4.4', 'IN_PROGRESS', null),
(56, 4, 'promise.4.5', 'DONE', null),
(57, 4, 'promise.4.6', 'IN_PROGRESS', null),
(58, 4, 'promise.4.7', 'IN_PROGRESS', null),
(59, 4, 'promise.4.8', 'IN_PROGRESS', null),
(60, 5, 'promise.5.1', 'IN_PROGRESS', null),
(61, 5, 'promise.5.2', 'NOT_DONE', null),
(62, 5, 'promise.5.3', 'NOT_DONE', null),
(63, 5, 'promise.5.4', 'NOT_DONE', null),
(64, 5, 'promise.5.5', 'DONE', null);





INSERT INTO post (id, title, title_en, content, content_en, published, post_date, created_at, promise_id, source_name, source_link, location) VALUES (1, 'الفيوم استعدت لمليونية النظافة بـ 2000 كاب و تى شيرت و 7 طن أكياس ', '', 'مصطفى البنا
عقد المهندس أحمد على أحمد محافظ الفيوم اجتماعاً حضره أعضاء مجلس الشورى الممثلين عن حزبى الحرية والعدالة والنور وبعض أعضاء الحزبين ومندبين من القوى السياسية والثورية بالمحافظة وذلك للتنسيق فيما بينهم ووضع برنامج العمل لنجاح مليونية النظافة والتجميل.

قال المحافظ أن المحافظة استعدت لبرنامج العمل بحوالى 2000 كاب وتى شرت  للمشاركين و 7 أطنان من أكياس القمامة يتم توزيعها على الأهالى و أعتمد المبالغ المالية لدهانات البلدورات و الأعمدة وشراء أدوات النظافة .وتقرر خلال الاجتماع اعتبار يوم " الجمعة " يوم عمل مضاعف للعاملين وصرف مكأفآت سخية لأجمل قرية وشارع وحى تصل إلى 15 ألف جنية .

وطالب حسن أبو حامد منسق شباب الثورة بالمحافظة بضرورة إدراج أسماء المشاركين فى حملة النظافة من القوى السياسية بلوحة الشرف بالوحدات المحلية لشحذ همم الأهلاى و دفعهم للمشاركة الجادة . وقال الدكتور وجية الشيمى عضو الشعب عن حزب النور لابد من أستغلال خطبة الجمعة  و أئمة المساجد لتوعية الأهالى بالمشاركة و أستخدام مكبرات الصوت بالمساجد فى تجميع الشباب و أعتبار الموضوع قضية كل شاب و مواطن بالمحافظة.', '', 1, '2012-07-26', '2012-07-26 00:30:37', 54, 'الشروق', 'http://www.shorouknews.com/news/view.aspx?cdate=25072012&id=02da8f10-1838-44df-a4ca-9672270d4ac5', 'الفيوم');
INSERT INTO post (id, title, title_en, content, content_en, published, post_date, created_at, promise_id, source_name, source_link, location) VALUES (2, ' فعاليات اليوم الأول لحملة وطن نظيف بمدينة أبوالمطامير  ', '', '<img src="https://fbcdn-sphotos-a.akamaihd.net/hphotos-ak-prn1/527025_386040614806387_122883113_n.jpg" />', '', 1, '2012-07-27', '2012-07-28 23:57:42', 54, 'رصد', 'https://www.facebook.com/photo.php?fbid=386040614806387&set=a.280183138725469.58204.103622369714881&type=1&permPage=1', 'البحيرة');
INSERT INTO post (id, title, title_en, content, content_en, published, post_date, created_at, promise_id, source_name, source_link, location) VALUES (3, ' الحملة الشعبية للنظافة يومي الجمعة والسبت بمدينة طنطا', '', 'أصدر محافظ الغربية توجيهات لجميع رؤساء المدن والأحياء ورؤساء الوحدات المحلية وجميع القطاعات بالمحافظة بالمشاركة فى الحملة التى دعا إليها رئيس الجمهورية والتى تحمل شعار (وطن نظيف يساوى مواطن متحضر).

وقام أعضاء الحملة بتوزيع ولصق المطبوعات التى تضمنت دعوة الرئيس لحملة النظافة يومى 27 و 28 يوليو الجارى الجمعة والسبت وهى دعوة لإحياء سلوك حضارى أكثر منها دعوة لنظافة الوطن وفى رمضان تكتسب الحملة بعدا آخر "( الإيمان بضع وسبعون شعبة أعلاها لا إله إلا الله وأدناها إماطة الأذى عن الطريق) "فى دعوة لإيقاظ الإيمان فضلا عن المنظر الجميل الذى سيصبح عليه الوطن بعد الحملة.

<img src="https://fbcdn-sphotos-a.akamaihd.net/hphotos-ak-snc7/s720x720/396099_10151107919802165_1020032304_n.jpg" />', '', 1, '2012-07-27', '2012-07-29 00:10:24', 54, 'طنطا كلوب', 'https://www.facebook.com/photo.php?fbid=10151107919802165&set=a.10150107643807165.314540.66194162164&type=1&theater', 'الغربية');
INSERT INTO post (id, title, title_en, content, content_en, published, post_date, created_at, promise_id, source_name, source_link, location) VALUES (4, 'الجيزة تشارك فى حملة وطن نظيف لليوم الثانى', '', 'لليوم الثانى.. الجيزة تشارك فى مبادرة "من أجل وطن نظيف".. عبد الرحمن: استمرار الحملة بنطاق المحافظة للانتهاء من رفع كافة التراكمات.. تم رفع 4500م3 من التراكمات وتحرير 29 محضر إشغال

وكثفت أجهزة المحافظة حملاتها أمس من خلال معدات هيئة نظافة وتجميل الجيزة وشركات المقاولات التى تعاقدت المحافظة معها سواء قومية أو خاصة وشركات النظافة، وذلك بأحياء المحافظة الثمانية، بالإضافة إلى المراكز والمدن بالقطاع الريفى.
', '', 1, '2012-07-28', '2012-07-29 00:16:01', 54, 'اليوم السابع', 'http://www1.youm7.com/News.asp?NewsID=742986&SecID=12&IssueID=168', 'الجيزة');
INSERT INTO post (id, title, title_en, content, content_en, published, post_date, created_at, promise_id, source_name, source_link, location) VALUES (5, 'حملة وطن نظيف بمنطقة المحروسه السويس', '', 'استجابة أهل محافظة السويس لحملة وطن نظيف  والصوره توضح قبل وبعد ازاله القمامة

<img src="https://fbcdn-sphotos-a.akamaihd.net/hphotos-ak-ash4/406250_337955232952285_1552463906_n.jpg" />', '', 1, '2012-07-27', '2012-07-29 00:21:44', 54, 'صفحة شارع 9', 'https://www.facebook.com/photo.php?fbid=337955232952285&set=a.314894278591714.71912.155405641207246&type=1&permPage=1', 'السويس');
INSERT INTO post (id, title, title_en, content, content_en, published, post_date, created_at, promise_id, source_name, source_link, location) VALUES (7, 'حملة وطن نظيف  بمحافظة قنا', '', 'جانب من مشاركات الشباب بمحافظة قنا
<img src="https://fbcdn-sphotos-a.akamaihd.net/hphotos-ak-ash3/558416_385782528165529_570964921_n.jpg" />', '', 1, '2012-07-27', '2012-07-29 00:27:07', 54, 'رصد', 'https://www.facebook.com/photo.php?fbid=385782528165529&set=a.385782268165555.78652.103622369714881&type=1&permPage=1', 'قنا');
INSERT INTO post (id, title, title_en, content, content_en, published, post_date, created_at, promise_id, source_name, source_link, location) VALUES (8, 'حملة وطن نظيف القاهرة الكبرى', '', 'فديو يوضح  مشاركة حميع فئات المجتمع مع الحكومة تحت شعار حملة وطن نظيف

<iframe width="420" height="315" src="http://www.youtube.com/embed/4a7Cc81bb50" frameborder="0" allowfullscreen></iframe>', '', 0, '2012-07-27', '2012-07-29 00:34:16', 54, 'قناة المحور', 'http://www.youtube.com/watch?v=4a7Cc81bb50', 'القاهرة');
INSERT INTO post (id, title, title_en, content, content_en, published, post_date, created_at, promise_id, source_name, source_link, location) VALUES (9, 'دمنهور تشارك في "وطن نظيف"', '', '#رصد| #وطن_نظيف| #دمنهور| لليوم الثانى على التوالى واصلت حملة وطن نظيف فعاليتها في دمنهور بمشاركة شباب الاخوان، حيث قامو بتنظيف شارع الجيش ودهان الارصفة مما ادى إلى تفاعل اهالى المنطقة فشاركو معهم في اعمال النظافة حرصا منهم على ان تكون مدينتهم مدينة نظيفة.

تصوير على جوهر
<iframe width="420" height="315" src="http://www.youtube.com/embed/fmeys3DIsMs" frameborder="0" allowfullscreen></iframe>', '', 0, '2012-07-27', '2012-07-29 00:45:18', 54, 'رصد', 'https://www.facebook.com/RNN.NEWS/posts/250090265094483', 'دمنهور');
INSERT INTO post (id, title, title_en, content, content_en, published, post_date, created_at, promise_id, source_name, source_link, location) VALUES (10, ' فعاليات حملة "وطن نظيف" بسهاج', '', 'سوهاج | فعاليات حملة "وطن نظيف" بمشاركة حزب البناء والتنمية وبالتنسيق مع حزب الحرية والعدالة فى المحافظة

تصوير ومتابعة: عبدالعظيم حسام الدين
<img src="https://fbcdn-sphotos-a.akamaihd.net/hphotos-ak-snc7/382497_386192011457914_2057299159_n.jpg" />', '', 1, '2012-07-27', '2012-07-29 00:46:56', 54, 'رصد', 'https://www.facebook.com/photo.php?fbid=386192011457914&set=a.280183138725469.58204.103622369714881&type=1', 'سوهاج');
INSERT INTO post (id, title, title_en, content, content_en, published, post_date, created_at, promise_id, source_name, source_link, location) VALUES (11, '  إتحاد طلاب الجامعة وحملة وطن نظيف بكفرالشيخ', '', 'بدعوة مشتركة من كل من إتحاد طلاب جامعة كفر الشيخ والمعهد العالي للهندسة والتكنولوجيا بكفر الشيخ قام ما لايقل عن 80 طالب بتجميل الشوارع ضمن فعاليات حملة "وطن نظيف" وقد صرح لنا "محمد صبحى" أمين إتحاد الجامعة بأنه سعيد لاستجابة الطلبة وترحيب الاهالي بالمبادرة ويرجو من الجهات التنفيذية المحافظة على ذلك الجهد لكي يبقى وطننا نظيف.
<img src="https://fbcdn-sphotos-a.akamaihd.net/hphotos-ak-ash4/314066_386190271458088_41104317_n.jpg" />', '', 1, '2012-07-27', '2012-07-29 00:50:48', 54, 'رصد', 'https://www.facebook.com/photo.php?fbid=386190271458088&set=a.280183138725469.58204.103622369714881&type=1', 'كفر الشيخ');
INSERT INTO post (id, title, title_en, content, content_en, published, post_date, created_at, promise_id, source_name, source_link, location) VALUES (12, 'بنى سويف لليوم الثانى على التوالى، حملة وطن نظيف بمنطقة مقبل   ', '', '#رصد| #وطن_نظيف| #بنى_سويف |لليوم الثانى على التوالى، حملة وطن نظيف بمنطقة #مقبل

تصوير ومتابعة : محمد العمده
<img src="https://fbcdn-sphotos-a.akamaihd.net/hphotos-ak-snc6/603511_386182534792195_698759478_n.jpg" />', '', 1, '2012-07-27', '2012-07-29 00:53:50', 54, 'رصد', 'https://www.facebook.com/photo.php?fbid=386182534792195&set=a.280183138725469.58204.103622369714881&type=1', 'بني سويف');
INSERT INTO post (id, title, title_en, content, content_en, published, post_date, created_at, promise_id, source_name, source_link, location) VALUES (13, 'القوى الساسية والشباب يشاركون مع مجلس مدينة #ديروط فى الحملة ', '', 'نظم شباب الاخوان المسلمين والجماعة الاسلامية وبعض التيارات الاخرى حملة نظافة بالمدينة وذلك مشاركة مع عمال مجلس المدينة.

وأكد جمال زكى رئيس مجلس مدينة ديروط فى تصريح خاص لرصد :
ان المجلس يقوم بالتنظيف دوريا وبانتظام ولكن بناء على توجيهات الرئيس محمد مرسى قمنا
<img src="https://fbcdn-sphotos-a.akamaihd.net/hphotos-ak-ash3/582004_386143588129423_688016313_n.jpg" />', '', 1, '2012-07-27', '2012-07-29 00:56:01', null, 'رصد', 'https://www.facebook.com/photo.php?fbid=386143588129423&set=a.280183138725469.58204.103622369714881&type=1', 'أسيوط');
INSERT INTO post (id, title, title_en, content, content_en, published, post_date, created_at, promise_id, source_name, source_link, location) VALUES (14, 'وطن نظيف الدقهلية', '', '#رصد| #وطن_نظيف| #الدقهلية| جانب من حملة #وطن_نظيف بـ #دكرنس

<img src="https://fbcdn-sphotos-a.akamaihd.net/hphotos-ak-ash3/561029_386136528130129_611732147_n.jpg" />', '', 1, '2012-07-27', '2012-07-29 00:58:06', 54, 'رصد', 'https://www.facebook.com/photo.php?fbid=386136528130129&set=a.280183138725469.58204.103622369714881&type=1', 'الدقهلية');
INSERT INTO post (id, title, title_en, content, content_en, published, post_date, created_at, promise_id, source_name, source_link, location) VALUES (22, 'تم الحديث مع شركات النظافة والتجميل بالقاهرة والجيزة والتوصية بمنح مكافأت لعاملي النظافة وتحسين اوضاعهم المالية والاجتماعية وجاري متابعة التنفيذ مع الجهات المعنية. ', '', ' ', '', 1, '2012-08-02', '2012-08-03 01:22:01', 52, 'يحيي حامد من المكتب الرئاسي', null, 'القاهرة والجيزة');
INSERT INTO post (id, title, title_en, content, content_en, published, post_date, created_at, promise_id, source_name, source_link, location) VALUES (23, ' تم الحديث مع شركات النظافة والتجميل بالقاهرة والجيزة والتوصية بمنح مكافأت لعاملي النظافة وتحسين اوضاعهم المالية والاجتماعية وجاري متابعة التنفيذ مع الجهات المعنية. ', '', '  ', '', 1, '2012-08-02', '2012-08-03 01:22:01', 53, 'يحيي حامد من المكتب الرئاسي', null, 'القاهرة والجيزة');
INSERT INTO post (id, title, title_en, content, content_en, published, post_date, created_at, promise_id, source_name, source_link, location) VALUES (24, 'تم ضبط بعض السيارات في يومي الحملة وبعدها وجاري التنسيق مع شرطة المرافق لتكثيف التواجد الامني وتفعيل القانون وضبط المخالفين.', '', '  ', '', 1, '2012-08-02', '2012-08-03 01:22:01', 55, 'يحيي حامد من المكتب الرئاسي', null, 'القاهرة والجيزة');
INSERT INTO post (id, title, title_en, content, content_en, published, post_date, created_at, promise_id, source_name, source_link, location) VALUES (25, 'تم الاتفاق مع رؤساء هيئات النظافة والتجميل بالقاهرة والجيزة لعمل خط ساخن للاعلان عن مخلفات المباني والاعلان عن هذا الخط الساخن وجاري متابعة العمل معهم.', '', '  ', '', 1, '2012-08-02', '2012-08-03 01:22:01', 56, 'يحيي حامد من المكتب الرئاسي', null, 'القاهرة والجيزة');
INSERT INTO post (id, title, title_en, content, content_en, published, post_date, created_at, promise_id, source_name, source_link, location) VALUES (26, 'تم هذا بوضوح في يومي الحملة وسوف يستمر حيث ان الحملة مستمرة يوم واحد اسبوعيا حتي تحل المشكلة وحيث انهم منوط بهم مهمة الرصد البيئي بشكل مستمر.', '', '  ', '', 1, '2012-08-02', '2012-08-03 01:22:01', 57, 'يحيي حامد من المكتب الرئاسي', null, 'القاهرة والجيزة');
INSERT INTO post (id, title, title_en, content, content_en, published, post_date, created_at, promise_id, source_name, source_link, location) VALUES (27, 'تم هذا بوضوح في يومي الحملة وما بعدها وجاري متابعة العمل معهم وتم استنفار كل الاجهزة المعنية من محافظات لهيئات نظافة وتجميل لوزارة البيئة وقد شاركوا جميعا في الحملة وما زالوا يشاركون بكفاءة.', '', '  ', '', 1, '2012-08-02', '2012-08-03 01:22:01', 58, 'يحيي حامد من المكتب الرئاسي', null, 'القاهرة والجيزة');
INSERT INTO post (id, title, title_en, content, content_en, published, post_date, created_at, promise_id, source_name, source_link, location) VALUES (28, 'تم الاتصال بالشركات الوطنية التي تعمل بالمجال للاتفاق علي زيادة معدلات الاداء ومحاولة حل مشاكلهم والتنسيق معهم مستمر وجاري دراسة عقود الشركات الاجنبية والتفاوض معهم لزيادة معدلات الاداء ومتابعة ملف التدوير وتوليد الطاقة مع وزارة البيئة وتبني استراتيجية تح', '', '  ', '', 1, '2012-08-02', '2012-08-03 01:22:01', 59, 'يحيي حامد من المكتب الرئاسي', null, 'القاهرة والجيزة');
INSERT INTO post (id, title, title_en, content, content_en, published, post_date, created_at, promise_id, source_name, source_link, location) VALUES (29, 'الاتفاق مع وكيل وزارة التموين والشعبة العامة للمخابز ورابطة اصحاب المطاح', '', 'تم الاتفاق مع وكيل وزارة التموين والشعبة العامة للمخابز ورابطة اصحاب المطاحن على زيادة نسبة خلط  القمح المحلى فى دقيق الخبز البلدى مما ادى الى زيادة جودة الرغيف ورفع قيمته الغذائية.', '', 1, '2012-08-15', '2012-08-18 13:55:55', 39, 'يحيي حامد من المكتب الرئاسي', '#', 'جميع المحافظات');
INSERT INTO post (id, title, title_en, content, content_en, published, post_date, created_at, promise_id, source_name, source_link, location) VALUES (30, 'فصل الإنتاج عن التوزيع', '', '<ul>
<li>قامت اللجنة بمقابلة رئيس مجلس ادارة شركة المصريين المسئولة عن توزيع الخبز بالقاهرة والجيزة حيث تبين ان القاهرة والجيزة من اكثر المناطق التى تعانى من سوء جودة الخبز وكميته وتم التعارف على امكانيات الشركة والمشكلات التى تواجهها وقد افادت الشركة بقدرتها على توفير 88 كشك جديد فى المناطق التى تعانى من مشكلات فى توزيع الخبز بتكليف من السيد وزير التموين مثل مناطق الزاوية الحمراء. وعموما تم التأكد من فصل الانتاج عن التوزيع في أغلب مناطق القاهرة والجيزة
</li>
<li> تم التواصل مع كثير من محافظات الجمهورية لاستكمال فصل الانتاج عن التوزيع حيث قامت الاسكندرية بتبنى مشروع رائد لفصل الانتاج عن التوزيع بالتعاون مع المخابز المتجاوبة وتشغيل العديد من الشباب بمرتبات مجزية</li>
<li>تم التجاوب مع تجربة فصل الانتاج عن التوزيع بالعديد من المحافظات وبخاصة فى بنى سويف و الفيوم والاقصر واسوان والدلتا ومدن القناة.</li>
<li>تم عمل إجتماع مع لجنة تكنولوجيا المعلومات بالحزب لوضع تصور فني تفصيلي لمراقبة توزيع الخبز بالكروت الذكية وجاري إعداد دراسة تفصيلية لهذا المجال لعرضها على السيد الوزير.<li>
<li>تبين ربط جميع البطاقات التموينية بنظام الكروت الذكية وتم مقابلة الشركات التي تطبق هذا النظام وتشرف عليها وأبدت إستعدادها لكي يشمل هذا النظام توزيع الخبز مما يسمح بتطبيقه جزئيا خلال المائة يوم مع عرضه على السيد الوزير.</li>
</ul>', '', 1, '2012-08-15', '2012-08-18 13:55:55', 40, 'يحيي حامد من المكتب الرئاسي', '#', 'جميع المحافظات');
INSERT INTO post (id, title, title_en, content, content_en, published, post_date, created_at, promise_id, source_name, source_link, location) VALUES (33, '"مرسى" يلتقى وزير التموين لبحث ملفات الخبز المدعم والسلع التموينية', '', '<p>
التقى الدكتور محمد مرسى، رئيس الجمهورية، اليوم، المهندس أبو زيد محمد أبو زيد، وزير التموين والتجارة الداخلية، لمناقشة الملفات الخاصة بالسلع التموينية والخبز البلدى المدعم، بالإضافة لاستعداد الوزارة لأيام عيد الفطر المبارك.</p>
<p>
وقال المهندس أبو زيد محمد أبو زيد، وزير التموين والتجارة الداخلية، فى تصريحات خاصة لـ"اليوم السابع"، إنه تم تشكيل 15 مجموعة عمل إضافية، للمرور على المخابز والمطاحن بشكل يومى، للتأكد من توفير الخبز الجيد المطابق للمواصفات القياسية، وعدم تلاعب البعض فى كميات الدقيق وتهريبها إلى السوق السوداء، لافتاً إلى أنه خاطب مديرى المديريات فى مختلف المحافظات، بشأن تكثيف الرقابة على المستودعات لضمان وصول الأسطوانات بالسعر المدعم.
</p>
<p>
يأتى ذلك، فى الوقت الذى يعقد فيه الوزير حالياً اجتماعاً مع قيادات الوزارة، بشأن الاستعداد لعيد الفطر المبارك، وتوفير السلع المدعمة لأصحاب البطاقات التموينية.</p>', '', 1, '2012-08-11', '2012-08-19 01:25:33', 39, 'اليوم السابع', 'http://www1.youm7.com/News.asp?NewsID=754921&fb_source=message', 'جميع المحافظات');
INSERT INTO post (id, title, title_en, content, content_en, published, post_date, created_at, promise_id, source_name, source_link, location) VALUES (34, 'المسؤول الرئاسي لملف الخبز: لجنة متخصصة لإنجاز تعهد مرسي تبدأ عملها الأحد  ', '', '<p>أعلن حزب الحرية والعدالة تشكيل لجنة دائمة تضمن ممثلي أصحاب المخابز بالجمهورية، وممثلي الحزب لبحث المشاكل العالقة بين أصحاب المخابز والحكومة، للارتقاء بجودة رغيف الخبز وتنفيذ خطة الـ 100 يوم، التي وعد خلالها الرئيس محمد مرسى بحل 5 ملفات تهم المواطن منها الخبز.
</p>
<p>
وقال الدكتور أحمد عيسى، مسؤول ملف الخبز ببرنامج رئيس الجمهورية، إن هذه اللجنة من المقرر أن تبدأ عملها، الأحد المقبل، وتأتى في إطار محاولة لمشاركة القطاع الخاص في اتخاذ القرار، مشيرا إلى أن اللجنة سوف ترفع أبرز مشاكل القطاع وآليات الحل إلى رئاسة الجمهورية للاستعانة بها في تنفيذ خطة الرئيس.
</p>
<p>
وأضاف عيسى خلال اجتماع مسؤولي الحزب مع ممثلي أصحاب المخابز على مستوى الجمهورية الخميس، أن أبرز الموضوعات التي تناقشها اللجنة هي صرف الحوافز المتأخرة لأصحاب المخابز، والنظر في رفع الغرامات، وإعداد دراسة للخبز البلدي المدعم من خلال دراسات التكلفة المعدة سلفا ولم تطبق، سواء أعدتها وزارة التموين أو الشعبة العامة للمخابز بالاتحاد العام للغرف التجارية.
</p>
<p>
وأكد عيسى أن الأهداف الرئيسية للحزب لحل أزمة الخبز تتمثل في ثلاث نقاط، هي وفرة رغيف الخبز و جودة ترضى المواطن والتوصل إلى هامش ربح عادل لأصحاب المخابز.
</p>', '', 1, '2012-08-18', '2012-08-19 01:29:13', 42, 'المصري اليوم', 'http://www.almasryalyoum.com/node/998191', 'جميع المحافظات');
INSERT INTO post (id, title, title_en, content, content_en, published, post_date, created_at, promise_id, source_name, source_link, location) VALUES (35, 'زيادة مكافئة الخبزة ', '', '
<p> تم عقد لقاءات متكررة مع الشعب المختلفة للمخابز بالمحافظات والاستماع الى مشكلاتهم والتى تراكمت  على مدار  ثلاثين عاما وتحديد دقيق لهذه المشكلات ووضع خريطة طريق لحل هذه المشكلات وقد اسفرت هذه الخريطة عن حلول عاجلة تشمل ما يلى : <p> <br>
<p>-صرف معظم المستحقات المتأخرة لاصحاب المخابز مما كان له اكبر الاثر الايجابى فى منع حدوث اى اضطرابات لهذه المنظومة وترتب عليه قيام المخابز بالتعاون الودى مع جمعيات المجتمع المدنى لتوزيع الخبز مما ترتب عليه زيادة الكمية المعروضة وجودتها بنسبة معتبرة . <p>
<p>-عمل لجنة مشتركة مع ممثلى اصحاب المخابز لوضع خطط عاجلة وآجلة لتطوير هذه الصناعة بالتعاون مع وزارة التموين . <p>
<p>-قامت اللجنة المشكلة لملف الخبز بعمل دراسة فنية ومالية مبدأية فى وجود ممثلى اصحاب المخابز وتم اعتماد دراسة جهاز التعبئة والاحصاء كمنطلق مبدئى لاعداد الدراسة المتكاملة بهذا الصدد للعرض على السيد وزير التموين<p>
', '', 1, '2012-08-21', '2012-08-22 10:32:32', 42, 'يحيي حامد من المكتب الرئاسي', '#', 'جميع المحافظات');
INSERT INTO post (id, title, title_en, content, content_en, published, post_date, created_at, promise_id, source_name, source_link, location) VALUES (36, 'الاتفاق مع وكيل وزارة التموين والشعبة العامة للمخابز ورابطة اصحاب المطاحن على زيادة نسبة خلط  القمح المحلى فى دقيق الخبز البلدى مما ادى الى زيادة جودة الرغيف ورفع قيمته الغذائية', '', '
<p>هذه النقطة مربتطة بأول إجراء</p>

<p> قامت وزارة التموين من خلال توجيهات وكيل أول الوزارة بعمل حملات مكثفة على المطاحن والمخابز لضبط جودة الدقيق والخبز. وأسفرت هذه الحملات عن مجموعة من المحاضر والغرامات للمخابز وإشاعة قدر من الإنضباط والرهبة لدى المخابز والمطاحن مما إنعكس على زيادة الكميات المعروضة وجودتها.
تواصلت اللجنة مع المتخصصين في مجال الصوامع لتطوير شون تخزين القمح وعمل تصور مبدئي لتطوير هذا القطاع وضرورة الإسراع في استكمال المشروع القومي للصوامع والعرض على السيد الوزير. </p>
', '', 1, '2012-08-21', '2012-08-22 10:34:44', 44, 'يحيي حامد من المكتب الرئاسي', '#', 'جميع المحافظات');
INSERT INTO post (id, title, title_en, content, content_en, published, post_date, created_at, promise_id, source_name, source_link, location) VALUES (37, 'تغليظ العقوبة على مخالفات الجودة والوزن ', '', '<p>قامت وزارة التموين من خلال توجيهات وكيل أول الوزارة بعمل حملات مكثفة على المطاحن والمخابز لضبط جودة الدقيق والخبز. وأسفرت هذه الحملات عن مجموعة من المحاضر والغرامات للمخابز وإشاعة قدر من الإنضباط والرهبة لدى المخابز والمطاحن مما إنعكس على زيادة الكميات المعروضة وجودتها.
</p>', '', 1, '2012-08-21', '2012-08-22 10:37:27', 45, 'يحيي حامد من المكتب الرئاسي', '#', 'جميع المحافظات');
INSERT INTO post (id, title, title_en, content, content_en, published, post_date, created_at, promise_id, source_name, source_link, location) VALUES (38, 'تفعيل جمعيات المجتمع المدنى ذات السمعة الطيبة للمساهمة فى توزيع الخبز', '', '<p>جمعية اللجان الشبعبية في بني سويف واءتلاف لجمعيات في سوهاج ومجموعة جمعيات في اليوم والأقصر وفي الجيزة والقاهرة وإن كانت ضعيفة وفي الإسكندرية وفي 6 اكتوبر والمنصورة وكفر الشيخ
وتكون القيمة 3 جنيهات للشقة في المتوسط في الريف و5 في المدينة ويكون الاتفاق مع المخابز وتوصيل الخبز إلى المنازل</p>
', '', 1, '2012-08-21', '2012-08-22 10:37:27', 46, 'يحيي حامد من المكتب الرئاسي', '#', 'بعض المحافظات');
INSERT INTO post (id, title, title_en, content, content_en, published, post_date, created_at, promise_id, source_name, source_link, location) VALUES (42, 'قنديل يطلق حملة مكبرة لإزالة إشغالات الطرق بالمحافظات ', '', '<img src="http://rosaeveryday.com/Uploads/RosaNews/25b5d1cc-4e54-41af-8a3d-4be3cdc94c35.jpg" class="float-other-side" />
<p>أكد الدكتور هشام قنديل رئيس الوزراء  انه تقرر بالاتفاق مع وزير الداخلية والمحافظين إطلاق حملة مكبرة تبدأ خلال ايام لإزالة كافة الإشغالات الموجودة علي الطرق ونقل الباعة الجائلين الي أسواق حضارية بمناطق رئيسية توفر احتياجات المواطنين وتلبي مطالب الباعة بشكل لا يؤثر علي الشكل الحضاري للمدن.</p>
<p>
أكد قنديل خلال الجولة التفقدية التي قام بها امس بمدينة القناطر الخيرية وزار خلالها منطقة الحدائق وكباري المدينة الأثرية ومنطقة مرجانة السياحية ومركز شرطة المدينة  بحضور الدكتور عادل زايد محافظ القليوبية ان المدينة في حاجة شديدة لعمليات تطوير سريعة لوقف حالة الاستغلال العشوائي التي تعيشها مشيرا الي انه أصدر تعليمات بتفعيل مجلس امناء تطوير المدينة المشكل منذ عدة اشهر ويضم جميع الجهات التي لها اختصاصات متداخلة بالمدينة.
</p>
<p>
وأعلن قنديل ان أول خطوات التطوير ستتم خلال شهر من الآن وستكون في منطقة مرجانة السياحية التي تعد نواة لتنمية المدينة بأكلمها حيث سيتم وضع خطة تطويرها وطرحها للاستثمار والمستثمرين من خلال مناقصة كبري.
</p>
<p>
أضاف انه خلال هذا الشهر سيتم الانتهاء من تسيير خط  ملاحي لنقل المواطنين والمسافرين من وإلي المدينة عن طريق الأتوبيس النهري بالاتفاق مع وزارة النقل علي ان تكون الرحلات في المرحلة الأولي أسبوعيا تتحول الي يومية علي مدي خطة التطوير.
</p>
<p>
وشدد رئيس الوزراء علي ضرورة المواجهة الحاسمة لمشكلة التعديات علي الأراضي الزراعية والبناء المخالف مطالبا الجهات الأمنية والمحليات بإزالة كافة هذه المخالفات فور وقوعها وعدم الانتظار حتي تستفحل.
</p>
<p>
من ناحية اخري قام رئيس الوزراء بزيارة تفقدية لمركز شرطة القناطر ووجه خلالها بضرورة تكثيف الحراسة علي سجن القناطر منتقدا ضعف الحراسة الموجودة حاليا واطمأن خلال الجولة علي سير العمل داخل مركز الشرطة وتفقد  سجن المركز وابدي إعجابه بمستوي هذا السجن كما تفقد العمل بوحدات الحاسب الالي بالمركز وطالب بتحديث قاعدة البيانات الخاصة بالتسجيل الجنائي بالمركز.<p>', '', 1, '2012-08-22', '2012-08-23 22:22:59', 22, 'روز اليوسف', 'http://goo.gl/pMDbI', 'جميع المحافظات');
INSERT INTO post (id, title, title_en, content, content_en, published, post_date, created_at, promise_id, source_name, source_link, location) VALUES (43, 'إزالة 241 مخالفة إشغالات طرق بمطروح في أول خروج للشرطة منذ الثورة', '', '<img src="http://elshaab.org/articles_images/09_08_2012_27565409070_267020.jpg" class="float-other-side"/>
<p>أعلن اللواء أمين عز الدين مدير أمن مطروح عن إزالة 241 مخالفة إشغالات طريق في  أول حملة  تقوم بها شرطة المرافق بالمحافظة منذ اندلاع  ثورة 25 يناير وذلك ضمن خطط  إعادة الانضباط لشوارع مدينة مرسي مطروح.
</p>
<p>
 كانت شرطة مرافق مطروح بقيادة كل العميد محمود مختار وتحت إشراف اللواء محمد عناني حكمدار المديرية  قامت بتنظيم وإزالة العديد من التعديات علي  شوارع " الإسكندرية و علم الروم وشكري الكوتيلي والجلاء " بوسط المدينة بالإضافة إلي منطقة سوق ليبيا.
</p>
<p>
 وذلك لتسهيل حركه مرور السيارات بعد أن عانت  عاصمة المحافظة من الاختناقات المرورية خلال الفترة السابقة والذي بدوره يؤثر علي استهلاك البنزين والسولار ويؤدي إلي تلوث  البيئة ويساعد علي ارتفاع درجه حرارة الجو بالإضافة إلي توفير وقت المواطنين.</p>', '', 1, '2012-08-22', '2012-08-23 22:25:05', 22, 'جريدة الشعب الجديد', 'http://elshaab.org/thread.php?ID=31767', 'مطروح');
INSERT INTO post (id, title, title_en, content, content_en, published, post_date, created_at, promise_id, source_name, source_link, location) VALUES (44, ' تطوير 12 ميدان بأحياء #السويس وإزالة الإشغالات السبت القادم ضمن خطة ال 100 يوم', '', '<img src="https://fbcdn-sphotos-b-a.akamaihd.net/hphotos-ak-snc6/206086_395342833876165_1604764352_n.jpg" class="float-other-side" />
<p>
أكد اللواء محمد هاشم محافظ السويس أنه سيتم تطوير 12 ميدان لحل مشكلة تكدس المرور بشوارع السويس مشيراً الى أن جهاز النظافة والتجميل بدأ دوره الحقيقى فى أعمال النظافة بالمحافظة من خلال مشروع التشغيل الذاتى للنظافة حتى يتم الإنتهاء من مشكلة تراكم القمامة بشوارع المحافظة, كذلك شدد المحافظ على مدير التموين والمشرفين على المخابز بالرقابة الصارمة على المخابز الأهلية والمجمعات التى تشرف عليها المحافظة.
</p>
<p>
وأكد اللواء محمد هاشم أنه سيتم البدء فى إزالة الإشغالات والتعديات بميدان الأربعين ومنطقة الإسعاف وشارع الجيش وشارع عرابى إعتباراً من السبت القادم.
</p>
<p>
جاء ذلك خلال الملتقى الأول للجمعيات الأهلية ودورها فى تنمية المحافظة الذى عقد بقصر ثقافة السويس صباح اليوم بحضور ممثلين عن الجمعيات الأهلية والفاعليات بالسويس وذلك لمتابعة وكيفية المساهمة فى حل بعض المشاكل خاصةً فى المرور- الخبز – النظافة – الأمن – الطرق وطالب المحافظ خلال إلقاء كلمته بإضافة موضوع الصرف الصحى والإسكان لخطة ال100 يوم.
</p>
<p>
كما حضر المؤتمر "مديحة نون" مدير الشئون الإجتماعية ومحسن محمود وكيل الإتحاد الإقليمى للجمعيات الأهلية بالسويس والسيد العابد مشرف المؤتمر.
</p>', '', 1, '2012-08-22', '2012-08-23 22:27:32', 22, 'رصد', 'https://www.facebook.com/photo.php?fbid=395342833876165&set=a.280183138725469.58204.103622369714881&type=1&relevant_count=1&ref=nf', 'السويس');
INSERT INTO post (id, title, title_en, content, content_en, published, post_date, created_at, promise_id, source_name, source_link, location) VALUES (45, '9341 مخالفة في حملات لفرض الانضباط المروري في 14 محافظة', '', '<img src="http://www.ikhwanonline.com/Data/2011/12/6/Pic56254.jpg"  class="float-other-side"/>
<p>شن رجال المرور بوزارة الداخلية حملات موسعة لفرض الانضباط المروري بالشارع المصري وتطبيق القانون على كل مستخدمي الطرق بحزم ودون تجاوز.
</p>
 <p>
وأسفرت جهود الحملات- التي شنت تنفيذًا لتوجيهات أحمد جمال الدين وزير الداخلية على مدار 24 ساعة- في محافظات (الجيزة، والفيوم، وبني سويف، وقنا، وأسوان، والسويس، وشمال سيناء، والإسماعيلية، وكفر الشيخ، والغربية، والشرقية، والقليوبية، والإسكندرية، ومطروح) عن ضبط 9 آلاف و341 مخالفة مرورية متنوعة.
</p>

<p>
وتم اتخاذ كل الإجراءات القانونية حيال تلك المخالفات، فيما لا تزال حملات إعادة الانضباط المروري إلى الشارع المصري مستمرة.
</p>', '', 1, '2012-08-23', '2012-08-23 18:30:26', 22, 'أخوان اولاين', 'http://www.ikhwanonline.com/new/Article.aspx?SecID=230&ArtID=117791', 'بعض المحافظات');
INSERT INTO post (id, title, title_en, content, content_en, published, post_date, created_at, promise_id, source_name, source_link, location) VALUES (46, 'بالصور..أمن السويس يقود أكبر حملة لإزالة العشوائيات بالمحافظة ', '', '<img src="http://productnews.link.net/general/news/25-08-2012/n/dd_L_2012825144927_s4.jpg" class="float-other-side" />
<p>قاد اللواء عادل رفعت، مدير أمن السويس، صباح اليوم السبت، أكبر حملة لإزالة العشوائيات، والباعة الجائلين، والتعديات في تاريخ المحافظة.
حيث قاد رفعت بنفسه تلك الحملة ب، بعد أن تعددت شكاوى المواطنين أمام مكتبه بصورة يومية، نتيجة انتشار أعمال البلطجة، والتشاجر بشوارع المحافظ، وقد شارك في الحملة جميع قادة الأفرع الرئيسية بمديرية أمن السويس، وقادة المرافق، والمرور، والبحث الجنائي، والتموين، وقد تم استخدام مجموعة كبيرة من اللوادر، والالآت الإزالة، في تلك الحملة.</p>
<p>
وعلى الجانب الآخر سادت حالة من الفوضى بشارع الجيش، وأحمد عرابي، بميدان الأربعين؛ نتيجة اعتراض الباعة الجائلين على طردهم من أماكنهم، وطالبوا مدير الأمن بإيجاد بديل آخر لهم يستطيعون من خلاله الحصول على مصدر رزق ثابت، يضمن لهم أن يعيشوا حياة كريمة كباقي المواطنين، فىما أكد رفعت وجود ورقة عمل مشتركة مع محافظ السويس للبحث عن سوق تجاري يمكن من خلاله استيعاب كافة العمالة من الباعة الجائلين.
</p>', '', 1, '2012-08-26', '2012-08-27 00:06:07', 22, 'مصراوي', 'http://www.masrawy.com/news/egypt/politics/2012/august/25/5294999.aspx', 'السويس');
INSERT INTO post (id, title, title_en, content, content_en, published, post_date, created_at, promise_id, source_name, source_link, location) VALUES (47, 'بالصور..الأمن يشن أكبر حملة ضد الباعة الجائلين منذ الثورة بإمبابة ', '', '<img src="http://www.youm7.com/images/issuehtm/images/youm/ta3ade2582012/6.jpg" class="float-other-side" />

<p>فى حملة هى الأولى من نوعها منذ ثورة 25 يناير حتى الآن، شنت محافظة الجيزة ومديرية أمن الجيزة أكبر حملة لإزالة الإشغالات والتعديات من الخارجين على القانون ومغتصبى أرض أملاك الدولة فى إمبابة منذ صباح اليوم حتى مساء اليوم السبت.
</p>
<p>
وكان على رأس الحملة الدكتور على عبد الرحمن، محافظ الجيزة واللواء أحمد الناغى، مساعد أول وزير الداخلية ومدير أمن الجيزة واللواء أحمد حوالة مدير الإدارة العامة لمرور الجيزة، وجمال كامل، رئيس حى شمال الجيزة وبمشاركة حزبية من قيادات حزب النور بإمبابة وعلى رأسهم الشيخ مدحت عمار القيادى بحزب النور لمحافظة الجيزة.</p>
<p>
وقال الدكتور على عبد الرحمن، محافظ الجيزة، إننا بصدد تنفيذ المرحلة الأولى من خطة المحافظة، حيث سيتم طرح 91 باكية أمام الباعة الجائلين بأسواق حى جنوب الجيزة وبولاق الدكرور وشمال الجيزة للمنتفعين بنظام الإيجار والتى ستساهم فى حل مشكلة الباعة الجائلين.</p>', '', 1, '2012-08-26', '2012-08-27 00:10:30', 22, 'اليوم السابع', 'http://www1.youm7.com/News.asp?NewsID=766321&SecID=65&IssueID=0&fb_source=message', 'الجيزة');
INSERT INTO post (id, title, title_en, content, content_en, published, post_date, created_at, promise_id, source_name, source_link, location) VALUES (48, 'القوى الساسية والشباب يشاركون مع مجلس مدينة #ديروط فى الحملة ', '', 'نظم شباب الاخوان المسلمين والجماعة الاسلامية وبعض التيارات الاخرى حملة نظافة بالمدينة وذلك مشاركة مع عمال مجلس المدينة.

وأكد جمال زكى رئيس مجلس مدينة ديروط فى تصريح خاص لرصد :
ان المجلس يقوم بالتنظيف دوريا وبانتظام ولكن بناء على توجيهات الرئيس محمد مرسى قمنا
<img src="https://fbcdn-sphotos-a.akamaihd.net/hphotos-ak-ash3/582004_386143588129423_688016313_n.jpg" />', '', 1, '2012-07-27', '2012-07-29 00:56:01', null, 'رصد', 'https://www.facebook.com/photo.php?fbid=386143588129423&set=a.280183138725469.58204.103622369714881&type=1', 'أسيوط');
INSERT INTO post (id, title, title_en, content, content_en, published, post_date, created_at, promise_id, source_name, source_link, location) VALUES (49, 'الرئيس يسقط مديونيات صغار المزارعين بسيناء والمحافظات من 219 مليون جنية', '', '
صدق السيد الدكتور محمد مرسي رئيس الجمهورية علي قرارا باعفاء صغار المزارعيين من مديونيات بنك التنمية والائتمان الزراعي والذين تبدا مديونياتهم من ألف جنيه وحتي 10 الاف جنيه .

يستفيد من هذا القرار حوالي 42 الف مزارع في المحافظات المختلفة .

وتتحمل خزينة الدولة 107 مليون جنيه في هذا الامر فقط .

وكما يستفيد 4000 من مزارعي سيناء أيضاً من القرار .
وستتحمل خزينة الدولة في سيناء مبلغ 112 مليون جنيه ..
ياتي ذلك في محاولة الدولة تخفيف الاعباء عن كاهل صغار المزارعين الذين يعانون منذ فترة بسبب تراكم الديون .', '', 0, '2012-08-16', '2012-08-25 17:57:24', null, 'الصفحة الرسمية للسيد رئيس الجمهورية د.محمد مرسي', 'https://www.facebook.com/Egypt.President.Morsi', 'مصر');
INSERT INTO post (id, title, title_en, content, content_en, published, post_date, created_at, promise_id, source_name, source_link, location) VALUES (50, 'قرار جمهوري باعلان حالة الحداد لثلاثة ايام والمساواه بين شهداء رفح وشهداء ثورة 25 يناير', '', '
أصدر السيد الدكتور محمد مرسي رئيس الجمهورية قراراً جمهورياً بإعلان حالة الحداد لمدة 3 أيام ، على شهداء حادث رفح الإرهابي الغادر ، وعمل جنازات عسكرية لهم .
كما أصدر السيد الرئيس قراراً جمهورياً بتكريم الشهداء على غرار شهداء ثورة 25 يناير ، والمساواة بينهم فى كافة الحقوق .', '', 0, '2012-08-06', '2012-08-25 18:02:02', null, 'الصفحة الرسمية للسيد رئيس الجمهورية د.محمد مرسي', 'https://www.facebook.com/Egypt.President.Morsi', 'مصر');
INSERT INTO post (id, title, title_en, content, content_en, published, post_date, created_at, promise_id, source_name, source_link, location) VALUES (51, 'الرئيس يمنح الجنزوري قلادة الجمهورية ويعينه مستشاراً لرئيس الجمهورية', '', '
استقبل السيد الدكتور محمد مرسي رئيس الجمهورية د/ كمال الجنزوري رئيس الوزراء السابق .
ومنحه الرئيس قلادة الجمهورية ، وأصدر قراراً بتعيينه مستشاراً لرئيس الجمهورية', '', 0, '2012-08-02', '2012-08-25 18:09:40', null, 'الصفحة الرسمية للسيد رئيس الجمهورية د.محمد مرسي', 'https://www.facebook.com/Egypt.President.Morsi', 'مصر');
INSERT INTO post (id, title, title_en, content, content_en, published, post_date, created_at, promise_id, source_name, source_link, location) VALUES (52, 'الرئيس يمنح الجنزوري قلادة الجمهورية ويعينه مستشاراً لرئيس الجمهورية', '', '
استقبل السيد الدكتور محمد مرسي رئيس الجمهورية د/ كمال الجنزوري رئيس الوزراء السابق .
ومنحه الرئيس قلادة الجمهورية ، وأصدر قراراً بتعيينه مستشاراً لرئيس الجمهورية', '', 0, '2012-08-02', '2012-08-25 18:09:53', null, 'الصفحة الرسمية للسيد رئيس الجمهورية د.محمد مرسي', 'https://www.facebook.com/Egypt.President.Morsi', 'مصر');
INSERT INTO post (id, title, title_en, content, content_en, published, post_date, created_at, promise_id, source_name, source_link, location) VALUES (53, 'الرئيس يأمر بسرعة دعم شبكة الكهرباء بمحطتين جديدتين للتخلص من مشكلة الإنقطاعات المتكررة للتيار', '', '
تابع السيد الدكتور محمد مرسى رئيس الجمهورية ملف الكهرباء والأحمال الزائدة لها ، والتقرير الذى وصل لسيادته ــ كما علمت ــ يشير إلى
زيادة الأحمال على الشبكة بنسبة أكثر من ( 30 % ) خلال شهر رمضان ، وتسبب ذلك فى بعض الإنقطاعات .
وجارى العمل على عدم تكرار هذه الانقطاعات فى أنحاء الجمهورية من خلال إدخال محطتين جديدتين ــ إن شاء الله ــ سيدعمون الشبكة الموجودة حالياً .
وقد طالب السيد الرئيس بسرعة الإنتهاء من هذه المحطات من أجل الوصول إلى مستوى مرضٍ للشبكة الكهربائية ، مع التذكير أن قضية الاستهلاك العالى فى رمضان يحتاج من كل مواطن مصرى إلى ترشيد استهلاكه حتى نستطيع أن نصل مستوى مرضٍ للجميع .', '', 0, '2012-07-30', '2012-08-25 18:11:12', null, 'د/ ياسر علي', 'https://www.facebook.com/Egypt.President.Morsi', 'مصر');
INSERT INTO post (id, title, title_en, content, content_en, published, post_date, created_at, promise_id, source_name, source_link, location) VALUES (54, 'الرئيس كلف الخارجية بالرد على الإعلان الإسرائيلي', '', '
فى سؤال حول موقف مصر من الرد على الإهانة التى جاءت فى إعلان إسرائيلى .. قال السيد الدكتور ياسر على أن السيد الرئيس الدكتور محمد مرسي كلف وزارة الخارجية بتجهيز رد علي مابثته وسائل الاعلام الاسرائيلية من اعلان اعتبر إهانة للسيد الرئيس ..
موضحاً أن الخارجية المصرية مكلفة بالتعامل مع القضايا الخارجية خاصة العلاقات مع اسرائيل .
', '', 0, '2012-07-29', '2012-08-25 18:21:24', null, 'الصفحة الرسمية للسيد رئيس الجمهورية د.محمد مرسي', 'https://www.facebook.com/Egypt.President.Morsi', 'مصر');
INSERT INTO post (id, title, title_en, content, content_en, published, post_date, created_at, promise_id, source_name, source_link, location) VALUES (55, 'قرار رئيس الجمهورية بالعفو عن 583 من المحكوم عليهم والتخفيف عن 16 بمناسبة شهر رمضان الكريم', '', '', '', 0, '2012-07-30', '2012-08-25 18:21:24', null, 'الصفحة الرسمية للسيد رئيس الجمهورية د.محمد مرسي', 'https://www.facebook.com/photo.php?fbid=395419490513974&set=a.395419440513979.94382.377633175625939&type=1&relevant_count=4', '');
INSERT INTO post (id, title, title_en, content, content_en, published, post_date, created_at, promise_id, source_name, source_link, location) VALUES (56, 'الصحفية المصرية شيماء عادل سوف تعود على نفس الطائرة مع السيد رئيس الجمهورية عقب الافراج عنها', '', 'بعد لقاء السيد الرئيس الدكتور محمد مرسى و الرئيس البشير تقرر الافراج عن الصحفية المصرية شيماء عادل

موظفو الرئاسة يستقبلون الصحفية شيماء عادل منذ قليل في أديس أبابا والتى ستعود بصحبة الرئيس إلى أرض الوطن على طائرة الرئاسة اليوم بإذن الله', '', 0, '2012-07-15', '2012-08-25 18:25:25', null, 'الصفحة الرسمية للسيد رئيس الجمهورية د.محمد مرسي', 'https://www.facebook.com/Egypt.President.Morsi', '');
INSERT INTO post (id, title, title_en, content, content_en, published, post_date, created_at, promise_id, source_name, source_link, location) VALUES (57, 'الرئيس يصدق على قانون لجنة الدستور وتعديل لائحة الجامعات', '', 'الرئيس الدكتور مرسي يصدق على القانون رقم 79 لسنة 2012 بمعايير إنتخاب أعضاء الجمعية التأسيسية لإعداد دستور جديد للبلاد ويصدر قرارا بتعديل بعض موائد اللائحة التنفيذية لقانون تنظيم الجامعات', '', 0, '2012-07-15', '2012-08-25 18:26:41', null, 'الصفحة الرسمية للسيد رئيس الجمهورية د.محمد مرسي', 'https://www.facebook.com/Egypt.President.Morsi', 'مصر');
INSERT INTO post (id, title, title_en, content, content_en, published, post_date, created_at, promise_id, source_name, source_link, location) VALUES (58, 'الرئيس يتابع حادث الاسكندرية على مدار الساعة', '', '
أصدر السيد الدكتور محمد مرسى تعليمات لكل أجهزة الدولة بضرورة التحرك الفوري للتعامل مع حادث انهيار عقار بالإسكندرية ، وما تبعه من انهيارات لعقارات مجاورة ، ويتابع سيادة الرئيس على مدار الساعة تطورات الحادث حيث اتصل بالسيد رئيس الوزراء لتكليفه بتحريك كافة المسئولين لسرعة رفع الأنقاض وإنقاذ الضحايا ، وتقييم الموقف ، وتم إيفاد السيد الوزير الدكتور محمد عطية وزير الحكم المحلى للتواجد مع السيد محافظ الاسكندرية ومدير الأمن وقادة البحرية والمنطقة العسكرية الشمالية للعمل على رفع الأنقاض ونقل الجرحى والمصابين وإيواء المتضررين من خلال غرفة عمليات دائمة كما وجه سيادته بضرورة محاسبة المخالفين للقوانين والمتسببين في الحادث فوراً .', '', 0, '2012-07-15', '2012-08-25 18:28:23', null, 'الصفحة الرسمية للسيد رئيس الجمهورية د.محمد مرسي', 'https://www.facebook.com/Egypt.President.Morsi', '');
INSERT INTO post (id, title, title_en, content, content_en, published, post_date, created_at, promise_id, source_name, source_link, location) VALUES (59, ' رئيس الجمهورية يصدر حزمة من القوانين الخاصة بعلاوة العاملين فى الدولة وزيادة المعاشات وتعديل أحكام قانون تنظيم الجامعات والمنطقة الحرة ببورسعيد', '', '
أصدر السيد الدكتور محمد مرسى رئيس الجمهورية اليوم السبت 14 يوليو 2012 عدداً من القوانين التى من شأنها أن تخفف من عبء المواطنين وتحقق متطلبات الفئات المختلفة وجاءت القوانين كالتالى :
1 - قانون بمنح العاملين بالدولة علاوة خاصة مقدارها
15 % من الأجر الاساسى فى 30/6/2012 أو فى تاريخ التعيين لمن يعين بعد هذا التاريخ بدون حدود ، ولاتعتبر هذه العلاوة جزءاً من الأجر الأساسى للعامل ، ولا تخضع لأية ضرائب أو رسوم وتشمل العلاوة العاملين الدائمين والمؤقتين بمكافآت شاملة .
2 - قانون زيادة المعاشات بنسبة 15 % بحد أدنى 50 جنيهاً ، وبدون حد أقصى ، وتعتبر هذه الزيادة جزءاً من المعاش ، وتسرى فى شأنها جميع أحكامه .
3 - قانون زيادة المعاشات العسكرية بنسبة 15 % بحد أدنى 50 جنيهاً ، وبدون حد أقصى ، كما نص القانون على تعديل بعض أحكام التقاعد والتأمين والمعاشات للقوات المسلحة ، كما هو موضح بنص القانون المرفق .
4 - قانون بزيادة قيمة بدل الجامعة لأعضاء هيئة التدريس والوظائف المعاونة بالجامعات اعتباراً من 1/7/2012 ، كما تم تعديل نص المادة 121 ، 123 ، وأضيفت مادة جديدة 13 مكرر لتكون مناصب الجامعة بدءاً من رئيس القسم ثم عميد الكلية أو المعهد وصولاً لرئيس الجامعة بالانتخاب ، ومنح القانون الحق لأساتذة الجامعات ومراكز البحوث والهيئات المجتمعية التى ينطبق عليها الكادر الوارد فى قانون تنظيم الجامعات والذين كانوا أساتذة متفرغين وعينوا بعد سن السبعين فى وظائف أساتذة غير متفرغين قبل سريان هذا القانون أن يصبحوا أساتذة متفرغين ويسرى عليهم أحكام هذا القانون اعتباراً من تاريخ العمل به .
5 - القانون الخاص بالمنطقة الحرة ببورسعيد تقرر زيادة حصة استيرادية إضافية معفاة من الضرائب الجمركية تقدر بمبلغ 10 مليون جنيه ، لتصبح إجمالى القيمة المعفاة 30 مليون جنيه .
وستنشر نص القوانين بالجريدة الرسمية .', '', 0, '2012-07-15', '2012-08-25 18:30:08', null, 'الصفحة الرسمية للسيد رئيس الجمهورية د.محمد مرسي', 'https://www.facebook.com/Egypt.President.Morsi', 'مصر');
INSERT INTO post (id, title, title_en, content, content_en, published, post_date, created_at, promise_id, source_name, source_link, location) VALUES (60, 'تكريم ضابط وأربعة أفراد شرطة من قوة مباحث قسم شرطة مدينة نصر ثان ', '', '<img src="https://fbcdn-sphotos-h-a.akamaihd.net/hphotos-ak-ash4/s720x720/420129_435063916537277_2101748319_n.jpg" class="float-other-side" />
<p>( السيد أحمد جمال الدين وزير الداخلية يقوم بتكريم ضابط وأربعة أفراد شرطة من قوة مباحث قسم شرطة مدينة نصر ثان لجهودهم فى ملاحقة وضبط أفراد تشكيل عصابى تخصص فى السرقة بالإكراه ) قام السيد أحمد جمال الدين وزير الداخلية صباح أمس بتكريم كل من : -	النقيب / أحمد صبرى الشاهد . -	أمين شرطة / حمادة السيد السيد أحمد . -	أمين شرطة / طارق محمد بلال الحبش . -	مندوب شرطة / سيد أحمد سيد غرفة . -	رقيب / يوسف فتحى محمد بكير . من قوة وحدة مباحث قسم شرطة مدينة نصر ثان وذلك لجهودهم فى ملاحقة وضبط أفراد تشكيل عصابى تخصص فى السرقة بالأكراه ، كانت القوة قد إشتبهت فى السيارة رقم ( و د ل 2137 ) نصف نقل ، يستقلها عدد ( 6 ) أشخاص " مطموسة اللوحات المعدنية " ، ولدى محاولتهم إستيقافها فروا هاربين إتجاه شارع طريق النصر ، فقامت القوات بملاحقتهم وأثناء المطاردة إصطدمت السيارة بجزيرة منتصف الطريق وتخلى مستقليها عنها وقام أحدهم باطلاق أعيرة نارية " خرطوش " تجاه القوات وفروا هاربين عدوا فبادلتهم القوة إطلاق الأعيرة النارية
</p>', '', 1, '2012-08-22', '2012-08-28 20:13:04', 1, ' الصفحة الرسمية لوزارة الداخلية ', 'https://www.facebook.com/media/set/?set=a.435063899870612.93023.181662475210757&type=1&fb_source=message', 'القاهرة');
INSERT INTO post (id, title, title_en, content, content_en, published, post_date, created_at, promise_id, source_name, source_link, location) VALUES (61, 'كأس الشجاعة لشرطيين لسيطرتهما على مشاجرة بمدينة نصر ', '', '<img src="http://productnews.link.net/general/news/25-08-2012/n/df_L_2012825115912_s4.jpg" class="float-other-side" />
<p>كافأ اللواء أسامة الصغير مديرأمن القاهرة شرطيين بالنجدة بمنحهما كأس الشجاعة، لنجاحهما في السيطرة على مشاجرة نشبت مشاجرة حامية بين طرفين بمنطقة زهراء مدينة نصر أصيب خلالها 4 أشخاص بكدمات متفرقة بالجسم، بعد أن قام طرفي المشاجرة بتمزيق الملابس العسكرية للشرطيين وتعدوا عليهما  بالسب والضرب .</p>
<p>
ورد بلاغ لشرطة النجدة بنشوب مشاجرة بالعقار رقم 103 زهراء مدينة نصر على الفور تم تكليف سيارة دورية شرطة النجدة القريبة من مكان الحادث بالتوجه لمكان الواقعة وبها شرطيين هما  وائل عادل رضوان ، و مندوب الشرطة خالد عيسى أحمد، وبالفحص تبين حدوثها بين طـــــرف أول ، ل . ص . أ  50 سنة مقدم قوات مسلحة بالمعاش ، وشقيقتها س .ص . أ  48 سنة ربة منزل ، ون . ر . م  37 سنة مدرسة   مصابين بكدمات متفرقة بالجسم ، وبين طـــــرف ثان ، ش . م . م  33 سنة ربة منزل، وزوجها  ، أ .م . ن 43 سنة عقيد قوات مسلحة بالمعاش وآخريـن، لوجود خلافات بينهم حول الجيرة ، حيث تعدى كل من الطرفين على الآخر بالضرب وإحداث إصابات بالآخر .
</p>
<p>
وكشفت التحريات التي اشرف عليها اللواء سيد شفيق  مدير الإدارة العامة لمباحث القاهرة، أنه أثناء قيام فردي شرطة النجدة  بواجبهما بفض تلك المشاجرة والسيطرة عليها ومنع تطورها حفاظأً على الأمن العام، تعدي الطرفان عليهما بالسب والضرب وإحداث إصابتهما في أماكن متفرقة من الجسم وتمزيق ملابسهما العسكرية، إلا أنهما تمكنا من ضبط النفس والسيطرة على أحداث المشاجرة رغم تعدد أطرافها وعدم وجود قوات إضافية معاونة لهما وقاما بضبط طرفي المشاجرة وإتخاذ الإجراءات القانونية نحوهما بتحرير المحضر اللازم وإحالتهم للنيابة.</p>
<p>
فقام  اللواءأسامة الصغير مساعد الوزير لقطاع أمن القاهرة بمنح الأفراد أمين شرطة  وائل عادل رضوان ، مندوب الشرطة،خالد عيسى أحمد كأس الشجاعة ومكافأة مالية مجزية، تحفيزاً لهم حتى يكونوا قدوة لزملائهم في التعامل مع البلاغات خاصة لما تمثله شرطة النجدة من أهمية في التعامل السريع مع إستغاثات المواطنين.
</p>', '', 1, '2012-08-25', '2012-08-28 20:17:54', 1, 'مصراوي', 'http://www.masrawy.com/news/cases/general/2012/august/25/5294505.aspx', 'القاهرة');
INSERT INTO post (id, title, title_en, content, content_en, published, post_date, created_at, promise_id, source_name, source_link, location) VALUES (63, '"الداخلية" تعيد "عسكرى الدرك" لتأمين المناطق السكنية.. وتكثيف الحملات الأمنية على الطرق السريعة', '', '<img src="http://elbadil.com/sites/default/files/styles/428x254_mainstory_bigimage/public/12/08/35/12912602403448_0.jpg" class="float-other-side" />
<p>كشف وزير الداخلية اللواء أحمد جمال الدين عن أنه يتم حالياً الإعداد لعودة ما كان يعرف في الماضي بـ"عسكري الدرك" عن طريق نشر نقاط شرطة صغيرة موزعة في نطاق المربعات السكنية يتم تجهيزها بأحدث أجهزة الاتصالات والانتقال، وبما يحقق الإنتقال السريع إلى مكان الوقائع والبلاغات.
</p>
<p>
وشدد على ضرورة تكثيف الحملات الأمنية على كافة البؤر الإجرامية والطرق السريعة والصحراوية والحفاظ على ما حققته الأجهزة الأمنية من نجاحات أسفرت عن انحسار معدلات ارتكاب الجريمة كما رصدتها الإحصائيات الأمنية.
</p>
<p>
وجاء ذلك خلال اجتماع الوزير مع مساعدي أول ومساعدي الوزير ومديري أمن محافظات المنطقة المركزية القاهرة والجيزة والقليوبية ، ومديري إدارات قوات الأمن، ومأموري المراكز والأقسام ومديري إدارات البحث الجنائي ورؤساء المباحث الجنائية ومديري إدارات المرور والمرافق بالمديريات الثلاث.
</p>', '', 1, '2012-08-28', '2012-08-28 21:28:21', 6, 'البديل', 'http://elbadil.com/egypt-news/2012/08/28/61583', 'جميع المحافظات');
INSERT INTO post (id, title, title_en, content, content_en, published, post_date, created_at, promise_id, source_name, source_link, location) VALUES (64, 'إزالة 200 مخالفة أشغال طريق في حملة مكبرة لإزالة الإشغالات بشوارع القليوبية ', '', '<p>شنت أجهزة الأمن بالقليوبية، بالاشتراك مع الوحدة المحلية بمدينه بنها وشبرا الخيمة، حملة مكبرة لإزالة الإشغالات بالموقف العمومية، وإزالة التعديات، وتمكنت الحملات من تحرير أكثر من 200 مخالفة إشغالات و50 كشكًا مخالفًا تم بناؤها بدون ترخيص.
 </p>
<p>
وكان اللواء أحمد سالم جاد، مدير أمن القليوبية، قد أعطى تعليمات للعميد أسامة عايش رئيس المباحث بسرعة إزالة الإشغالات من الشوارع الرئيسية بالمدن، وإزالة الباعة الجائلين من عرض الطريق؛ فقامت حملة مكبرة شاركت فيها إدارة المرافق بالمديرية ومجالس المدن، وتم إزالة كافة الباعة الجائلين من مدخل المواقف بنها وشبرا الخيمة، وتم تحرر 125 إزالة فورية لفرش مؤقت وباعة متجولين بميدان وابور الثلج، ومنطقة الموقف الجديد ببنها، و23 حالة إشغال طريق بشارع فريد ندا وكفر الجزار مركز بنها، و28 مخالفة تلوث بيئة لمحلات عامة بشارع فريد ندا، و 30 غرامة فورية، كما تم رفع وإزالة 30 طنًا من القمامة، بشوارع شبرا الخيمة.</p>', '', 1, '2012-08-28', '2012-08-28 22:29:27', 22, 'الشروق', 'http://www.shorouknews.com/news/view.aspx?cdate=28082012&id=ce01e3c8-122e-496f-8276-c33efa00ddd0', 'القليوبية');
INSERT INTO post (id, title, title_en, content, content_en, published, post_date, created_at, promise_id, source_name, source_link, location) VALUES (66, 'إزالة 162 حالة إشغال طريق فى حملة أمنية بالغردقة  اقرأ المقال الأصلي علي بوابة الوفد الاليكترونية الوفد - إزالة 162 حالة إشغال طريق فى حملة أمنية بالغردقة ', '', '<p>شنت قوات الأمن بمدينة الغردقة حملة قادها اللواء مصطفى بدير مدير أمن البحر الأحمر والعميدان جرير مصطفى مدير البحث الجنائى ومحمد جاد مفتش الأمن العام بالبحر الأحمر, وأسفرت عن ازلة 162 حالة اشغال طريق وضبط 29 بائعا متجولا.
</p>
<p>
وألقى رجال الحملة القبض على 5 مسجلين خطر بعد فحص 45 مشتبها بهم وتم فحص 40 شقة مفروشة, كما تم تحرير 56 مخالفة مرورية, وضبط 50 متسولا وتنفيذ 250 حكما ما بين الحبس والغرامة,  كما تم ضبط 100 جرام من مخدر الحشيش بحوزة سيدة بالممشى السياحى و1600 قرص مخدر بحوزة مزارع وعامل كما تم تحرير 240 مخالفة مرورية .
وأكد اللواء مصطفى بدير ان الحملات ستستمر بصورة يومية فى جميع مدن المحافظة حتى يتم كافة الاشغالات بالمدن.</p>
<p>
واصدر محافظ البحر الاحمر قراراً بازالة جميع الاشغالات والغاء جميع تراخيص البروز امام المحلات السياحية والصادرة من مجلس مدينة الغردقة من اجل فتح الطريق امام المارة وخلق سهولة مرورية.
</p>


اقرأ المقال الأصلي علي بوابة الوفد الاليكترونية الوفد - إزالة 162 حالة إشغال طريق فى حملة أمنية بالغردقة ', '', 1, '2012-08-27', '2012-08-28 22:32:42', 22, 'الوفد', 'http://goo.gl/D6tIK', 'الغردقة');
INSERT INTO post (id, title, title_en, content, content_en, published, post_date, created_at, promise_id, source_name, source_link, location) VALUES (67, 'بالصور.. المحافظ يزيل إشغالات الطرق بأسيوط', '', '<img src="data:image/jpeg;base64,/9j/4AAQSkZJRgABAgAAZABkAAD/7AARRHVja3kAAQAEAAAAIwAA/+4ADkFkb2JlAGTAAAAAAf/bAIQADgoKCgsKDgsLDhQNCw0UGBIODhIYGxYWFxYWGxoUFxcXFxQaGh8gIyAfGikpLS0pKT07Ozs9QEBAQEBAQEBAQAEPDQ0PEQ8SEBASFA4RDhQXEhQUEhchFxcZFxchKh4aGhoaHiomKSMjIykmLy8qKi8vOjo4OjpAQEBAQEBAQEBA/8AAEQgBTwH0AwEiAAIRAQMRAf/EAKoAAAIDAQEBAAAAAAAAAAAAAAQFAgMGAQAHAQADAQEBAAAAAAAAAAAAAAAAAQIDBAUQAAIBAwIDBQUGBAQEBAYDAAECAwARBCESMUEFUWFxIhOBkTIUBqGxwUJSI9FyMxXhYoKSorJDJPDxwjTSU2ODRBZzVCURAAICAQQBAQcCBAYDAQAAAAABEQIhMUESA1FhcYGRobEiEzJC8MFSBNHh8XKCkmKiIxT/2gAMAwEAAhEDEQA/AMeqU/8ApZHHUkIYqu1tw5HTgaGHT42G4JIg8QfvAph05XwZtyqWYNcE8xbXw0NVW6Vk/Ubrh+w2FeqvGniyYVmhO5G4d3catruTTUo42ower1ertMRy1erteoA9Xq7avWoA5Xq7avWoA5WS63LMc6ZXGqMDGvIqACPfWttSrq3RE6hKMhpShRNu0KDfUms+2rtWEX1tKybE+HAyZYBYM6MHdl4bj5ja3eabjU95oPHIbPl3cAgAt3AAUYK5P32OiftqeOhFd4C5ruleJpgc1rorl9a9ekB29eqN+2uGRBxYD2imB6UMVO1ijEbbgkafjXIwQoBPAWqLZOOOMi++qznYi8ZBUYkeSyCRfVyE13XXlpYDtq0GlyZsKTTTFv2Ttt4m+v2V49ZxR2mnK3CPAyvTbpX/ALYn/O1ZU9cxxwU0wwevLjxBSm9Llrg2OtS7ofF+DT2vXVFqTQ/UvTXNncxseRphF1HBmt6c6G/abffRyXkIYVXgK4GB1BuO0V3jTEeN68eFdrlAHK5zqRqEpIjNviPlXxOgoAXNgmbKM1wIS1yOZsbfbRcmHjyn9yMG3AcAPdVyIEUKPyi167agYvfpGOf6ZMZ94oWXpeQmqgSDu4+407tXrUSBmJIZIz50ZD36Usn6lm4GYBJabGkF0W20ix/UOYrbsgYWYXB5GgMrouDlbC6bSjbht/gaGl4BMUrmLPErmFkDDVGsfC9UvgdLnW5T03I1K3U/wpxJ0cD+nJ4Bh/ChJOnZSLfZuH+XWlx9fiPkKJPp8fFBNcdjj8V/hQ0nTM2M3MRZRzTzfdrTcoyGwuhHEcK4+TJAhcgyKPiAIBA7Rehq3gfJGeaPzkuDu7DpTDpikiUiw4cfbTGLMwsxG3IXC2uJFB49h1qUWPhrf0Ts3cRf8GqZDAPtI4aHsB/CqXh4uLqxNyVo9sZvykG3DlVLRuvFdO2gYC4nLIsgWaK/mLizAV58KBrlLr/KfwajTovbUdoNtKAFiKIZmBG8cwdOPhzq3JxpcjCUxfus0utuNgthpUJtvrPbhcD7KLixnyIYEUsiiQlkGm5SAeNVsif3EMqFZJ0x3jBhNgFIIG0DlSrL6TEs0i429Sn5R5gb8AOdaOTNiDnEeICNwoiYEbl9PXvteqTPK83oYkJMspsSo2gnvc6mpK9ngzU/TOpY6hpYCVPDQ7h4jjQy5DR3W5BvqHr6Hk4HWGxkjy3il9PUKosy2FrbvzUonwoJCUyIwWHIgE+8a0nV+B8luZpc1to0BPdVyZBI8x0pi/0rDOkkmLI0LRqW2kFl05dopLkYPUcJijLuOm4LY6HUXFHEAwSxyEKp3X7KtmACaC1L+nSerlBWQqwBJ5cO6mOTopqLKGUmAbE9Pfcbt3Dn2V6o74/T4i9/tvXqP8An6miMLcbEVbJjlirra9gH7xbiO8V6LMSSwbQn81FqVkUqbb15cLitCMAePkv03KBUb8Wc2kjX8r9o8aeYudBlXEdww12txt20jyIgfVVhcGxH2Vb0bEU5J2MYyg3goeNtNpBvprW/T2WTVdUzHspVp20g0Nq9au12uw5iNq4176VO1etQI5Xq7XqAOV6pWr1qAI2qjJGRZjEbDboPLa+vHdRNqEyZZ0Rx6YbS4Kki/dYqfvpNjSEuOpOXkN+m9/8Aca5JnpEVDAKXJ23PZUcdyZshyttSeN7Xv/GlfUJUGXEjMBtUnXvP+FefdtWceWdlFKrPhDKTqci/DHuHaP8AzoWTrOQNAm3xqETxkaMD7akyxniKjnbyXwXgofq+YeBAqhup5ZNt9SnjjF7DlQ1lFEspVXgsbLyG4sarM0x/Ma5cVG9A4R0u551y55mua9hrgElzfhyFOAmvoMcmMLhJJYgSbQvMWG6/m7b0vtTDIL/2yJCbgSAgEjTynQUvseZHvoaZNWoPWFWxzOgsDpVQF/zD7aITHDjySKx5g3H4WpQPlV7lUjb2Briu6aoxXwNqtOJkDXYWHatm/wCWqWVlNmBU9h0pQWmvITF1XqEBvHOwtTnE+p+oKQskoPc2tZo1LGX90eNGdsCdU9jbp9WIlhMgftKX/wAaMi+pumScWKHvFYorUStHKy3kT6qv0Po0XUcGb4J0N+RNvvqwkO67TdU8xI1Fzov4181FxwJHhpV0WdmQ/wBOZl9tUrvdEvq8M+j12sLD9S9Ui0Z/UHY2tMIfq8/9eHxKmmrol9dvEmqoUNlvJJsZRGGKrdd3Dj+Yc6Ag+qOnSW3MUPYRRmHnYckShZkLnVhe2pNzxolPcmGtUG+Opr1q4DcXBv4V29UIiRqPbXgNB4VxieXYb1IcKAK5Yo5RZ0DeIoObpWNILLeMns1HuNMLVygBCvQ3gTbCysByOhqqTByE+KI+IFx9laK1eIp7QBmBvT4WK25f4GunJZATIVt28K0TxRP8aK3iL0DldGw8lGjYNGDzQ24eN6TS9g0/USBVcXBDf+O6ozWijY2tbRdTxqeX0PLxJFGKGyVYcbWK+NjVBkFvTkuSNCra6ipLF/NjTvEj3KurKgRiSuh0A0vx91J7D1GtoLm1N1yUxsZyyszMh2heIGgNV4I3KJIwEIUAcwO+neNuxsTCjWNWSaQFpAbkMAWF78dNPZSE5uOVsW2t/mFqddBl+Zx3hvuWFw6W14f+dSsWKmaoazZK+jM54RqT4EViMnIXKzYZI1/cjlO9210DXGncOZrWZTH0p41G8srWUd3+NZbDwWjy8f1VYMwdpTbgzDRfZWspOfQmymseo3nLYcUzspAIbaR4WUnurNTzSTytKwG5yCbcBYWpx1HJyJcRi8hIULGALAbezSknCo5Kyw8Daa/UoYUiAJDoNxVmJ56kUNl6Ib0Urh9tvyoAfG+tDZILlUH52A95tWN/1F0/SK/7Tlbt3qLs+K+t/C1erUf21Nt/mYttviv+Fepk8vYKOnZTSbg4B22sRpT/AKevqOzbT5UNj32sKTQNjRXIDknkyp96gU/6TPBJiytFYyD404EVraJcEVmFOpzJQGIuuulrHt7DXOkOqZJBspddqgnib3q9yhV7akDzLfuoSARPLbaR5Tz/APKppbjZPwXZSmvJorV61eRQFHgLnnUq9CTigjau2rtq9aiRQctXrV21dokII2r1qlavWokCNqoyIppNI2AXTThrfXleibVxjtUseAF6JAxss5x3zHPm2tt235lrUmyZFyJzM1wSAAO4U36urM+WUQ2eYWsOXmNJ/QnJ/pt7q4rpcn7WddG4T0wjgWO3+NduF+En3mu/Ly3+A+NcME3HZp7P41MLwVL8s4ZWta978agZDflUzDJbUAH+Zf41AxMBclf9y/xoD3kTK3bUTIx/Man6J/Wg/wBQ/Co+moNjImvPzH/00SEIju11uRXBqewczU/Ti/8AnD2K38BXlSC485bXUBOP/FQMPzTfDi2pZQ+1Wv2LS8gkd1NurBPk8ZoxqxJksLAHlSptBoaTgFOxDcdBe/ZTjDTbELUoRdzitBjRWhXTUipZaPK2oHEVIm4sdR2cRUpIvTfa4s9uHjUCQNBzpA8+pXJBjtxiXxAt/wAtqpGFCr7lBQjvuPtvRTDSqZJoo287ebko1NGdhe+DzY5UAk6Hhp/CqzE3cb8P/Bq4SetCrqDpoynUg1wkXAHOm36Cra3kHIIOotUCV7aJYAyhuIUWHtqS48UtxIu5bcDRhjt28a8mB6Hga9ar3wYA59PchHNTb+Ioleh5TxrJDOp3C+2RbH/clvupNIde1PbVSLrV0FlPlJB7qIk6f1OF9j44fQndGwOg7msaFZpIzaWGSM96n76I9S+XoFQ9QzYTeOZl9tMIfqjqcZAa0o7CNaUqQ/DiONe0Vgx4A3oyg41exrYvqNmXdPj7dDqDbj40dD1zAk0LlD/mGnvFY1mDm99DwFdtbhQr2Wpk6LbBvo8iCUXjkV+4EXqy1fPhJIuqk3ouHq+fDokrW7Cbj7apdnoS6M2prlZmL6oyIx+/Gsg7R5T/AAo2D6nwJRaQNGfePwquS8i4vwOCK8ouaHh6hhTf05lN+RNj9tEoRqb6UxCvNyJk6kkMTBGMQJJBPFm5Vn+oRlcucD9Z+3WmPVckDrqWIHpogPeG3GlcsplZ5DxZm++k1JdXGPYUR3saYTm0K3/Q1A8D3m1F5jbMcvb4ImNvC9V4J3YscXFNPpnN+SymBUsrMCQupsQVNZyDqqSlEeMBnIW6kjU87G9ERdTSKXdGZInvYEC/3WpXT9gI3fUyMCRJg+1S9zrYlW5fhSvMntKuUhSUvIbRK4JAsf4VLL6mud9N7pGQyxuImNxcEMOIOutJ8BB8whJCqATfgD7apLll7CtaI9S3Nm3Yoi2sJLgsDw4mlEh0ptnOEeSxBJA2j7KUSjSo3ZdrO0N+AvEKtGzBiwvbXuHKq5C3zERW24MCL6jTXWrMED5UHtJNQ23y0tpa57eVZfuKX6Qv5hv/AOrBv/Vrb/bXqlZbW3a+FeqyYJtiozCyqeJJFqtTECTxTQkwvdQ5XgynQg0njypgbXpt03LnaWNGjLRM1g3IHuP4UZBZDGRRKzKNSlib8qpiMYlBdiqdq8QaLaJy5ZSDGwtY8Qe0UFlxSQKWcXGnw6njSnKHmGaDHyY5Ygym9hr26ae+r1IYgDUnlWSx+ryE+nDkNe3wsOQ1PEURF1fL0kR0YEW3bV1A8LV0173ifoYPp8GlkLRi7KbA7WNuFSpTg9bzZJ0imIeMsWYa3AAv291MMfNTIPphSrLqLgAEHs1NOvdNknvuK3VFZ+RdavWrx367VLAcbCpWraTKCNq9apWr1qJFBG1C5Pz53jGRXUAcePfzFFOHKMENnsdpPbbSshN1jq+HO2LkSHeeFwAwPEa21FTe0IqtZYv6pIzGQvoWmJI8B/jSwEWo3NEkpuBdizM3iTQwxpraIa5bZbOiqhIrbQAVG4tar/lMhtdvvNc+RyDyHvFIpFFctRQ6dkE8VHtrp6XMASXQW5X1ogJAj41z20YOmyE29Rft/hXv7Y3OVaIH7gM15D5xbmbUZ/bQOMvuFTXp8a2b1Dca8OdEB7g3qXprhQRAWlDbgTpcW148/MKUstjZ7huJ52FO8+COfHiEh2FbEd42gUJHg4zSBfUJbTbqNeVqT1CsxhA2HAGkO51RQLl2PltTlMuOKMyKCsIG1Cfikb/0qOdVt07HxY/XyhbGUm4N7kgXH8BSqfqXzM5DALHwxwvwhOQpxGRO04GcWWJW2yf1DordvdUmazaLufkl7E95PIUnLkGx48QPxo/GyrRO0vFdWkP5u65qbLdDT2ZV83NkFgf2VU2dBxFuRbjQ0trFVFhyPf303+UGTjNLG+4vZgFGhIHPTjSaWGRrqz+AGgppQLU7hdTWB7Ne3BgNb03KAgSRaqdRblWcOMU1OpHZTbp+SUARjZeV+2hqQ0/mEbTcg6mp3KpcDW966SGN07eB411twA0qMopxbj41IKx3j3nvNaDE0gTt2ikKaaczWhjLpEm1dwCjT2ULKBpVem0Eo9Z5H7NqD/mP31Mxo2rqG8RVUMi7RvXbvO4nvbW1XhVJ2g8NaOLHyA5MDEa5MQvbiKzM9gzAcATb31sJVsragmxNvZWNlNyT2k/fTqnmSk53DcLGkyoT6di8fEXtoeHGuSxvExSQbWXiDR/08v7U57Sv3GgutN+7kW/Vb3UNSTMNoq3gak11WB4UoLm1WQysC2p0It7r0uIchmy3Bvwpj0vo8eXC87khUNtt9TbspbjM00W48SbA1qcG2LhQICAJGDG/O/m/Cmq+RO3gJx+i9OgUH0GJ5ltf+WjYlxkXZDtQdg0qs5Em3TS9e+ZuLOgYc6tQQ23qZj6mxWiznzt42MEjZTcWNtCD40miyGIK3G2/xWJFzy8oNMPqWeeaZkjO2GN7qgAGthxtxob6Xxjkx5sLkAREMhtqSRr9wq1DwFnp8Cwcj4fdRPUI5XwZBEjSOYmAVRc8DyFCj4kHLT7qZyRMVjuLIwB3AkHTcOIoWqAweJG65cAZSvnB1FuFExAmZR2nhWqTo+DK5cx2kXVXGhHuqhPplvXHoMzsuu09lbXUpMhOJgRmAtmvyAkv3WvVZv8A3gRIzKpkjXQkaeW9aif6azlYuhVwxJsNDrS7/wDW+qx9QGUYg0IkDEqdQBrwNjUU1c4HdSnucyWRnGzQBdtv5aGlvtNFZcLwuiONrbFa38wvQsmimsWWG4otiR8ri/vNBZOZ8rMJLXvdaPjFsaMc9o+6k3UfNIoPKs1qXsFf3ldu7Xd2W0r1Uf2rK+U+Y2jZt37b+bZ+q1eqiceQtE1px0pp1udzNFGLpHc2ZvCgYmxma0YkDWJKtYiwF21HdTTpM+O6lY5g0hNyraHu0NWSGQSySgsYjGNLsTxPZt/GodQiEsZQ34AgjiCDoR4V4M3zFgSBbUcqIaP1nKXsbXB7CKz3UF7HExMZoVD7WbaA72F+AvQXU8ZUC/LKkdrsSBzFtCOFqaqJAArKrlB5jzPZpag+oXEasUCna5K+wcbVo1gic7g0TwrJvjXaFVrkgDUqQAPE1d0/NUyt6wYDYFvcGw4DhQuGwmSQOo1AA2m47b8BavZCBch03EmQMSRdWBtuvfgfCpgqQtc3qWLmpAjl8e4LOLk2N7hm7qejUA9tZzGYb4FlZnG1l36E7wfKD7KfYSbcZLcDcj3mtumzmH4Mu2qSx5Lq7XbV6t5MSNqA6wkJwZDIik6AEgE++mNJvqQ2xI1/U/s0U8ffU2eGCWUZZWADsFF0XS+upNhxqsyNzPHstXBIP34TcuLEN3Btv4170nuBa+mlY0ScybWbUQdUszWLHXhUTvDW3VYEsNBqbWHOuemwPKw11q1WvoTyt5ZwsQdtzfurgUs23cb9mtWCM7g2p3VEH04t4+JjYHup8a7JC5W3bOiKNCN2rE8BUWQFjfyKNAathSRlHBRx3HUmrRDCnGxY821NQ+NWylycAMir+XUcL1OIKSpKglSAfA8KKaVQvlF+FvbQ6jzyMCNm0W5C5Ip8k08RAcbJptzLgMlu0MZkG64YEaW07PdRONiBY/XsI5EBKEi20Cp4OIJPTlk1SPVFOoLHnRebE0kBSNxu3D1F5nmFvUJYkpvYRdRY9Ry4FLsMdWWyDQkki5JqnMk6dH+xCiM7g3QLw1uGPDX202h6RJJKJnb0wNSB8WnAjkKt/tHTcdg/o+rLxBcljf8AUSTQ9MLO4LDy/gJMfpM8iiVwI1b4S3mcg87aAd1UdUhDSiLS0KgKByPE/wCNazHxXndnfSIase3uFZzqca+u0qAhXJNuQ8KlV8lO06KDnScg4ilkYmC9poz8UZ7R2rV/V8TcBlwWKnVxw1PP20ncyRt6kZIbmBzHZTTp2QdioSPTkB2X4d6Gl6MH5XvB06NmuA87COEi+6MB9PG4o7D6R0hXDvJIFUeV5QQWPaNLACmOJhTGIB9ILlkjbv7e7uo040jcWHutRC8wEtbAK9Ow+EOUuvAXU/wrz9KyBbZIjDsNx/Gr3jUB1kUNt11APdVqYmKbFG9PS9lYr9xpWol6jracxArPT8xWN4wQNfKb0ykYPjlAStwATYi1uPKosWUkxzOQOG4gj7RVpnmRArIbKos2tjpRWvgpqZT8FCyMoCiQWHANY/fVhyHHJSON+GvsqZy4T5ZYgbGzblB++uA4Dmyx7Tr8N1H2GjjaYM+HHe31JeurQSM3Habe6se7XNa4xY5iZhIRGfKWuCNdOylA+n4ZwzY2VuVDYkqCPsIpw5j6GlHifrgL+n1tjSHtb8BSvrLD1J+f7h++tB07EGJCY3kDAm+4A9gFJeqdOz3MrJAzhmJBXXQnuohrDwJ2TeHIhNtgNu2pRAefl5j9wFTmxsiJF9SJ0A4llIFQjtZz3t99qBDfpkW+NE47m099N+tOUaGJG27VbS3LQClPTp5MUxP6YkC+YLcg3PvphkOufMkrq0ZUWMejD/daps1A6pyC4+fliVI0k0c2Nr/xrUqSUBtqRWQzHgxpo/lmtKCSQTexHdWm6dLJPiRTSHcwGoFh9lOqxIrfqgT58QeSTtLGs0Iuq4ef6+HvXa4YMp09q860U+SDI5JIux++qGljsbNxB0ppg1MpkEP7ieAJ91N/UcosW79tRcLyvSmM3kS/YPuFMRInqlDoQAAO3tqlqSwzCyBjy72QSKRZlP2U1x12hpWG2SY7mvyB5Urw4hLMAbbV8xvztypzc8xWki3PE6XuDaoOzBCFO1rWBHbXfLeuEDcAB30hmN6wpHUZVZi5FhuY3J8o4k0tlttPhTDqrhuo5Df5yPdpS2bVkUEeZgDfs9lZspjFvLEB2ACk88n7x/bLm2htoKcTW2GhYJQgtvMalvN5Q4I9utZV1Legw/u0P9o9P0m+d9H09m3TbbZvv2c69R3ynRv7p/UX5b0PV9O2u63w/wAvOvVp7zOF5/bPu8Db+xZdzfExSbEbl8uh0I0Whm6EYGRz0wMUN1aF7kEe2j4/rXoT/FI8f8yGiY/qfoUnDMQeNxRAchY2M24SthZKm3IX/iaqGRihyS0iNaxUqR+FaOPq3TJPgyoj/qFXrPjv8MiN4MDS4j5GZGVg8Fn2GwF7a2HjVeSsU6qqZMZ8rLdjY62tyrTz42FMu6eKORRrdlBtVD9F6W4scZB3rdT/AMNqeQlbmXKCFIYh6buuu5DqQvAtaqMRZJZ41yUFjuVVB3GxQ7T7DWmX6a6atyhkB5Hdex9oqmf6ef1hNDN5hwv5SDa2hFJKEDcuRNFGvpBuDKSV7xf/AApv0tw2IhNtzljcc9dTSvJxsnFf0ZwNrMzJ3A38t6hg5U+NtiiK7CNwU8bAXNXR8bE2i1Xnc0letQ+JmRZKjaSHtuKkEG3C+vKia3VpWDFqNTlqQ/UE8u1IJIwqmQGOQNe4Hdan5vy17qyH1DkK2WPTTa0bgTLru3aa31UrbspWeASyhEDbKyfcP94qYa4AJItwtXVid5pyq+YvoSbC1yamcfJv8Cj/AFCsqWSUPya2TbUeCN9LBjrXbcQXOg4WrxWZfiQNbjZhXAJHYWTutuHGq518k8LeD1jYAXuamFvGAfysL13929/Tv/qWvF2TRo/j7GFH5F5Dg/BaXY3B8tieHMCqwCdVF+8X18TeuLJLf+jfnuLLxqYlnPCEAfzis5Xk1zsjgxydDYAcLa8763orBxBkNp/SBBZu4cB7aF/7idxCu1Cx83m4Dnc20pkvU+mYoXDgczOuhEI3nvYkaVS4xqTZ2mI9gc+RHA0aHTebbuS1LJ+XgQM9w266xrqxY6DTiSaR5/VJlhknwvSaXFJYq43BYz5QyXNiw51n8fPVGOUU9XJ3XPqXIF+6i1/CFWnlm9fJj/LZpBx1vb+YjQn7qrxkWee7vYWuVvq1ZHpGXLjNJIR/2RIWUjhGW4HwrQ+qU1U6jVSPvpVtIOsDbqTqmPePQ22qvBbcCPdrSGR4lUtLw42PfpYURl9SjaJY28pW7sL3u3dSLIyGnfcdEHBeQqthFLgEnaLC+gPZUOmJi5Of6JyWhUEFdttW7iaW53Ud94YDZODOOfh3UNipOZVaEEupuNovrUWgtSfUBNIQBe5A5DW9uZNd3yHnu5W9n8RVfTwDiQtMVaXYN51Gp7Q3OiDLGg2r5jyVamGzTlVbAmSfMoOmmvLS+lVA31qUxZnLMbk9nDwqIHIUCXnzkkq7gez/ABondMZGL2VSm2MXuL/xqrYFUG+pI09tUyTFo3Kj4SbMRewJPACo7XHH18FdatZvjE6KQp82GKTZOVKhU4C5DG4N+6pM+OoJ8vFluBbgPN7qXxCDL3lk88VgzMLE8qrlx4ogCyi5IBCkg2NhfiaHWytFbzjzsKep1XNdvVesJ4Tlx+3IXK2POqxK7JEwUgp8JJbaD41RhwviSnGSYtCzbnuNTc2te9diXHikaMSEbQHO43ChTfSokNJMJS4RGAYLcG6qQb93Gr49ia+6js8R7PUdb9bV3Zdn461mlrrOYjC3DWhSQK6SsLgW7NTxqxsfIRPLOLaXuLUA8WYECrMNosAALc9NRVqSZMZd5wHa4YWJ0PDgeGlJvuTStVYM5pDsu2vZmIhz80gj1MuMXk2tHewHb40pm6vgMzLmYO1gbHyqTqbdxrRYCxSl1kAcACwPCoz9BwcjKTJHlVRZkXgWB8pvrwqnnLUBynTAof5d1UxR7CefA2rgUBRblx8KlIq+q4T4QxtfsvQufkGDHO02d/KvtGprNxMFqYEoJlnknPE6D2kmtVgzjHijZjaPaA/hWVxhoR3gU26pLsxo4VOrfF4AVqv0pGbzZsqmBLMQTqSftoexvxq6Nt0Kk9n3aVHmafEnkER29WMdwqTP/wB9biVc6exa8ikSxd6g/ZXlTdlytfVHb7bWpPRj3QeZiQQNDyNeTOliFgxvzINqBbLZblowbX1VgTYcdGtXQ5ddxUrfkbX+wmsvuRrCYyHVsq2jXHfY1Jet5JnWIqjMVuSb8B4UvSqz/wC7Vh+VPvJp1vbyJ1QN1Egzlx8Ul2b2mgVG6eP+YURlSBpnPs91UQgtkIQLqOJ7NKrYT1DsgnYeyuQRRNBGGHme57+PGo5DDYfCvYVhZmIFlAGoqUhtl3y2Pxu3Z/40r1W71vfeP020va38a9TAUhyaiSPzAW8BRMcMTXuPtqLY0e0tc6XI1rptZLY5UvUFJS/wj3V0ShQCpYHuYj8au+UVlBDkX8KrlxiiFg1wNSLVk2WWRdRyUPknmTwc/jRafUHVYv6edLbsaxpRdU0teq3bXSgo0sP1h1qL/rJIP8yCjcf676huCyYySkm3lJBNY0EFTyonp7RtkosrWTXU3+K3l4d9IDb5nW8fPxo8iRDjvE5ikjc8GZbqb+znS6CfHdgwAZtu3yknThwt+NQw5dc5ZG322S30bg23n3PVL5EEUejbJdpYRbQV3AE6NajGJGpiUN8TLmikYrGSsQAIPwlW1venyNuVW/UAffWZx8lQYzfbvUKQTdTfm3CncWbjsyw3KycDcWFx38Kqja1YWSawtAy1xY8DpWA6k/o5Mo367jYkk3F+09tb63hWZ6/0uDLWTIWf9tAzbQwI9QaEWqraYIUTkSYpZEdpGLOTewPAAf40u/vkTFvK6s2gHEDkKYyPtR+yzG/srLRIJH10sL69tZrfwjRzKjccRdUi9PdkWEl7MQNO6pr1PD4eoSeIAB4UpkCiO+lwT5Tz1r2JslkKtZGsdlhp4UlHzG5xHgNfPyJpAMdmjAGoNmqLTdS3W37gp+LaPxruHjGQkbttwNRx76OHTBe5nYX5XAp42+gs/wAMBafqSAEyDX/KK4MrqJFw9x3KKZDpaWsZmI7LiujpS2CiVwo4AEUseBx6ixmzZYykrgo2hXbY9vKpLBN09vTKGVMhBscC6nmAR48b0xPSSf8ArMbcL2NemgkhVFDGy3sTz7jSY0BIuQNwsBFv3ID5TGRbzJx07qimKC6SbgrKT8A0Kk8Ptoq3kK376rThZjc8fbSkcF3TguKzbCAsvkcONy7Ty200UYuPEqRuxQGy3O4Lpw7bdlKV234aHj21B3mjuynjzGtE+NQjzoTzpiclwNbafZQcoaVdpJAPEDS9WO5Z2fmxuTUFYlqp2tBKqpK4cGC+kYLcr61p8NsiKFUhxtqgWBayA250rwIt867TYrdge8cPtp3jZAkNmN5D8S8SGHG/dXPZy4k2ShaEJMbKyWRpHWEg2BTdoO+1DTz5cBSNcoyRODqACdPEGmu7arKPzaeFZ7qcMEinCQbsjHX1Fbgx3asPb99Klnz4z5C1Vx5QXjLy+IkJHY8Y/BqmnUM1T/SSQX71P41lmQEXB0/STepiGcWILa8LHWuiPUyn0NlBmy5HllQY4Gu5iSL91hXU/buqSCRdwa5HG2tjw0vWRiGZ+WZ0I5XNWRZ2ejeaclRqb24Dja9KJ8OBr7V4TNKU85cAXdtzC+l+6qZMfKkkDl93GwI4XN7aUrm6nlMrHGkdFtZCSAbcbnaLXqCZWXIimTLmLEXsHI+6klLePTUfPjFt9sD3GgmWb99C0BXaxANzYWrvol98YO2MAiMGy72v5d/has81m1eWRhzuzGotmZMKIsVgqG6XGunD76Ldb1Gu+06v+PQ0EMfUASHsYwdEVlOlwTbaataPKyVkYhhHGyiKD8zsLfEeNqy2FAJoJzIxGy7gA631vem2F1Augx1sumwEADXb8QI53ot12e+gl2pWnivh6yO+ltm5CzQaR2KklvK5W5uO+nYmjhDRKbkaKoAHKvnMnUOtQSiD5lmJ1XUffTPG6l1+PyygABdwa/mHMniRQ3ZZanbUSVW8YltjMA2ueJpL1aXdOIwfLGv2nWm/qn0UJU+owFweRtzrMOXaWSRyWLEm5ojIZj3hGGPtaieqPuyyo4RgL7eJqnBF2Tvb8ajKzSzueLOxsO8nStIxUjdh2NjZL46skTsp4MFNtT21x4ZYmtIhQ94p9BPjY2MuEWPqRgDgQDtH7g9lQz2RsOUoCqEqwBNx5rW9tqvktJQvx23TQujO7JjHGyj7hQ0uYcWbIYIXUsQ4B5EjaTRGP/7q3YKL6903Dx+myZKX9d2jUkm4N/MQBUOYbWyK60netXu0ZuTOVzf0rHYycTwc7jVh6vLayxAe00HUTXO72O9dHX4DP7vl8kUez/Gof3TN3bxtBItw0oauUuT8h+Kngk2RO3EjWuCfIXRX2juqNcNHK3lj/HT+lEmmnb4pCffUCXPFq7XDSl+R8K+Ecs1+Jr1dr1EscLwNlcE258qsJIQg9lDoQGUnS1WNNFcjcPfXfc8WpYreUeFRnIEL37K4joBbcD2aiqctwUUA3BN6zLBTbjVTEEm3KrLgDWuIEPKgogBRGJHvmRVALE6A8zyFVkea3ADtph0eINmo1r7NdDY35EeFJrYdRrhAnqUkbjb60Drb+QX/APRXsjIkXBnitAy7DJc7d4I81gL35VKwh63i3bereXd2hty6++oZ6R40BSCIFpwUItx3Dy2PtpPYKzDW4NjZzZQilMXpruG1O0A91OzOqZbyLHeMEkq2pBApNh9OznykiIVY47ajTRbaAU5dd2SS0e19dSNAAdTRZptQUk0hoOo2RfKN1tRfSsv1HqfqZU6+mqCWyunAh103+2ni/wBM31sCbDurH9VVJuojbExMl1VgAeZJ+KmrZyTavgtyLCCQ7gHKtYX7azwxJ9S1rDhYg3pjLEUh/bbcdwuL6ga3oS73sCCeWop8cPI1ZyCzJIXuoJGvDtvUsJHMxBUjTj7aYLjgtpYEi58a5DGYjLusXuLW7NaT8gGYI/fC8wuvvrnW0Bkhv+VGI94qWACcsnkQLffXerhmyFVAWb0hZR/MaNmw8CawHMj2mvb2HBiPbXpPWFwyFarZypswNxSwVFvUs9WT9be80x6UTLM6yMzrs4XJ5jtpP6ynQanspx9PySieQw+WUKuw2B1J04iiBS9wqSJoZWiceZfcRyI8ajt7OVU5nV8ibqbY+YUYRMYkkVVQ3B57bXq7iLcalotOThGtqmh02ng3Go3Fhc6jSvDS9+B1pAUyRlWKmqDoaYlBOgUf1V+D/MP0/wAKDZL+yqTlEtQM+jjyu55kKPvpqGWI3NhfVu/vpfgoYoEHaN3v1q3IMzJLsUvIV2oqgk+YW195rm7FDlG1HKgZq2LKgMLkk2uTwuRf2Upy1EGQcmRALHzXH5eFQ6fgdQiO93WEnQg2Zio7hcfbTWdYJomhkj9RGFm3H+FZ1twtMSng0a5LWBPkR9OMazgxnGm+ByNL8we8VR8t0tzoY+6z2/GmidMwViaD0yYWbc0ZZrE/hfupP1D6fkjLy4g9SK5Ii/Mo7B+qtq9tXvkj8fqXjpuG3w+Ojn+NQn6PE0REIIkt5bk2v30iAsbcCPYasEkq/DIw8Ca0kPxez4DKXpywpIyubRiwB71vUcWAnHjcGxK0LDlTtDkIzs4CnUm/Fbc/CmGNpjIByUX++rWhz9ii0A0oNj42qhmIa9gw4a0TO1kYjiTpVGxiFJ5/hVEk+nhWaVSbB9638dKNxujzQOuQZlZI/wAoB53oTpK75WB0Hnv9lPsiKSDHFnDpJqCORtwNAm8wIpQXzdnCwUg/Z+NHZ0s2KhnjPmiAbzajU7Rcc6BmieXLDRvsKlR76I6yZExpA5BLlQfBeAFKxdJnAbDmyzYrzTAbmTcGAsAxG21JprhLDtF/CmeDlmLHjQx740jZmGmpPw+y/Ggykc7bGvFG1gW2khSefhSxMTkvi1VWj7YJdL3Exlu0keAruHJ6eRHOU3iNtwUm1yOFXwKkUxHxJEG4cwBRmNP05ty7QI0BUaaajj76d5hJNJ+oupLlLq7Kdip+oBpjI0ZBIbQEHVz+FX5HUYp8dYkVwd63uBayrbt7qr9Tp7jcSBpuP+ny2qebDjwY8XpayXJcA/q1H2VnWtk05q8m9+yjq1FquHqcxmByiF9lEfUWXA+D6KShn3owTW9rWvQnTXV8skUF1V/WmM+9DusNqcrC3Cr7LtJpfuMuiqfYn4F9eCOeCk+Ar1OenhzBEAbL5iwv2k1jSnJxMHX29v46zE5gT+jLyRvca78tOf8ApP8A7TWisTyP+41EoOOzX+Y1p+FeTnf93baq+Jn/AJTKP/Rf3GoyY80djIhQMbC9aEp/kB8TS3qIHqwxqLAyaD/aKLdSSmR0/ubWslCSz9AT+3Zf6B7xXf7Zl8dot406mbZE5/SpI9goPp2S0mPtY3KaHw5U/wAdJSzkS7+x1dorCcfEU+k+/wBO3n/Tz42r1G+pB/crfltsvy3V6p4V87wa/kv4/ZyCh0vK/wAo9tSHR3LXkcDuGtXJ1Ufmk1HKSNlHvVasPVoSQpYAngyglffYH7K6bWk8tJrYgnSccfFdvbarR0rDtYxfaf41YJ7gFZUYH9LLf3EVz51FBPrRm3IPGT7gakf3Ef7Lgtrs9zH+NS//AF7CvwYeDV5cpJZNqzxgrxG6MA379wq28g1DxuByEiKfZ5mpB93qUN9PYg8wdx7QfwqI6acdGMEn7h/MV1sOQsaJ+biD+m5Kufyll+8XFWs0I8r3W/aRRATZCr5h3ysaQ3sjra4sQQw3CrYMiabLlnlbSJXEanlbyXt2m1dn1UxqiAK+8SXG430sO2/ZT+RehwdPj+ZyExchF2Tqqo0hcm5VxYtxpNeDWtt3/DF4yG23ZR+ySzAC1rgWtRQCysHU3diCADyGv5udBJJBMjy4894Va3qSKsbE9wY7rVYcqcRBFnUqhBFrGwHIf4U11tqU0xvsSw00ESNkJGxVW0Bs+hGg4G16y+XLacxn4gobcOd6PzsoTqwOUhSxuEBVvcCOFZ45npO8Y841ALamxIt5qODTTFyTLLgCS5tvbb9lCIirH6vBla3svV7uyoimJmld9w002gVSqyTmSKNCU0JsCbH/ABpPA1LCzIllbcCttba8PChZJFLzSRvcGMNpyO632VZDjO+OzRxkRoWuQL2vahY4SsEjsdZRYeAN6NdPA0oab8jfCnx4Ux5Ge8kigy3Pw6catyJops4NEwdRGBcdt2pTGwaLhqEAU8bG1SwnKeoXOqgBieN6jk+LWDXspVPHKXn0yU50snzBCsVAva3jVKJ60gDs1251fOkTSb3Yi5bUa6a20qOELuZQqsI+RvYkgjlVQjNOyhJ6oXqDvNjYg8a0n0dB6ueyM1rbPvNJZcJ4IEyS6n1CRs/MNOYp/wDRqrJPL6ig6qb9lgxokUZhiDqrX6jlG91M0lj2+Y1dhZs6oFvuAGhauZMUL5khvZdzMR3k99VxABCVNrNpS1QmnXcdN6hRZVRtkihr2uBfwriy2A7qCZ5sdEX1nGtm8x0HcKYxyxqj709RFXcC2reF6jim8PU34tUTeTyOWXTlqL15nu+6Xzk8QNPtoNuoIk4aOAbV4xuSQT7OVQk6kzOGEKIOYTcPvJrJ8k2kzVdTtVWjA7w8iabIjQWVAbkAchrzp0STxNY/G6zJjuXSFS1rak6e6mWB1yfKnWOQRxqTrbUke/SosrOX4G6OqUqJHpvp3ca593bS6ZupfMGMTqkakMLIrblPL7Kp6plumLckhgy+7tBqq9NrVVv2/MzfYk+O42DKdQQRyN6lSHp/UVZGjVVZlNxF8JYdq/lqyfLn1yMGRhtF54JASFudCRr9lTbpaeNNmNXxlZ3QV1DpOPmXf+nPykA4/wAw51nMrDnxH2TJa/wsNVbwNajBzRlxBtpEg0lQC+xhx3DkKuljhkQxzgGNrA7h28KStajixdbJrBkOnwmZp0Gl9o+3WmC/twbVNrADtPC1Ft0U4YknwpTIVIdYdt30Oo5XpdkyyI7u0TLGWJG5StrnhXX13rZYZy9tbcm4ItpodTzqMZkJ5bAefdXBkpa7EXIvYVVJkIoO2/uqzML6QpeSQrrbcxtyF1p9kyKYXRRdYlBFzxN6zvTJAgvwJU/aRTEZkTRyQk/ELX0uDe9MiycyCIw+Ze+lmS9McrBxuor/AO9jx9jA3kDWYEf5Qeyk8wjE0kjvtVTu3DuFX4sr5ELFP3FuACoJ7b30qLaawaV1QxXo2A7KT1DGcKoX4nUGwtodmlUz/TepmgzopNg8qrKpGnK3lJovojw46yjJPp7iujITcAkkcNOVEZWU0mU64xVoTFZmKDQDcTa4GutROY5euhok3hV9BWIWWKZ2cRn0zY6ki442AoaJ5McRmcsYZVvcC+7u8acdNnYSRu6WMQKpMAS208F8BR3UcaN8OSSOAGVRvTYLXb+WxF/Cjtu1eq9B9VW1jyIcKL5nIMRiCRgAl2Nyu74B5eZNGZsKrAsm3aWtbQ3trpS/DklxoZE2lZAyGQsPNu33vrTvqE+NmYcEysBIxIcdhtcj8addSu2VNU3j5izpP/uD4ULnRooTYblib63pr04QB3VVux1LDlS3qUaJLHFECWILMOPGwo7FIulw5YCBTvAsMdOQ2jX2k0lkV4k9SRbJ+rjTnGZUx0B5qttO6jrUNld906qHOQknQ2YX7qHgWRSxkYEnvJ9tdaeMA6gWGte3p/lrbKx5OXWH4LA/aQe6lHUtzyoF4+Yj3/4Uy3oLarS+Rh8/DfgBf3ljU2WI8tGvU4tP9KbA0yp40eINuRxYg62vzFVwzSQMWQ2JFquzsf0ZBIv9OTUDsPZQoYisHKcTpodleNqykotqeud1+fGvVy+teqYLn0PsWThdNyWvIAJDrddCR+NDjo8MeuNlyQns0Zf9pFVuJ4Mvc+M2TLqFMaEhUPBd72F+21GMB6KyqGRiAXib4lv211+88tqMi3K6JLO0ks3o5UhTYmnpMLXsQVHG5ovo/SYMXp8cOUEnm1Z2kRWNzyv3VMSGs31vrcq57YSOUjiC7gNCzEbtSOVJ6CWseRo300pyJpC6vDI26OMH09gPL4GFB530zmEAYDKhN928o47uKihsLP09VHcHgAGJF/CtCOoY6xRSSyrH6p2ruNrtzApVsm4LtR1qns8AeJ9OiDHQT4+HlzWu7Mmx9x/zC4NAz/TRkkxgMb0S0v7xG2SP0yb/AA3NreFHP9RYkcEkjEeoga0YIa5UsANDfXbf21nk6/13IkV0eUGQ+VUUBR3Wt99NtLUmqdnhGzg6H0aCcSx4cKSpZkYKLg661kPqWQR5c+IkKr6khllfiXubqe61OMDrTrJ6WWzGcaTAkFb8VMduVuVKfqDNw0yskvB6rgqu8sRYkC2gotVqqe11hirZO7X7up5QuwVwZFCZG8bb/BIARfue9UZOFE2dth3elHtLubbgSOXwg1QAs++P0WWVgCRtJJAP5SBVEkk5miQrtUDbGF0v5tvOsq8k8WwdNuDrmsWXoMMrCT5FNr+vKCboNCi9u4/FpSz+2wyPFAlkyWIUuW+InkdbCnUX071uaJvUi2oynaQy3ue4GkhwMzpkpbqcEqakKxBt3MrcK0q40cmTWc1j2F8+DkQzsEAWSMbS3DcTpp41fh4PUo8Z8iEJEDYlpGF7ju1I9tShbIyYppo5PUSIbn3EBgO23OgsbMylQqZL721tz14E03dcYT3l+0FW3KY2x7A6Js6SVsQxhfmmLllJCAklt3h3VFPpzLlkMUtofT1PmBvz8tE9OlGLHNKyt60ysitIeBW1toOvPjSKTq+RIRHHcubDzdtZ1by6uJ8mlowrKYW3yGkWJHhQsmQtomYGN7X3MNLbquyl6WZVjzZJIF2qfXgCumov5rhSbVd0nJyunwzZGQDlRIfUEa63Cizbb34dtTyOvR9bw5kTG9KNSu3dYk9t2AFqjlLcaTqU6xGMxoA9QxOmYUC5ODkwZ8bG2xdJRfmQ16Bb0GxjOzeidrHYi3LFeCk+POqmxhiDaqHa/FuOoo/pa4/U8hMOVSh2nbIQdb9yi2tXycNPPqRw0jUpysDGkwYmMjCVTaRNwK212lPxrvRHkxoJxD5ZUDNci99vt7Kd5XQYoYZVklDbhujCEgoUGhtwO69LlwRjYpnRimVACZYW4S+X1DoRYWA0HOqSaqtPuC6XL5CXIkRUJMIV3J1ve/bypc6yqFJBVG1TsPhWog6/0bNUQ9R6UjX0EkA2sL/y2o1Mno/TpVODAWlABjacbmCnXycrd/Gp5xqslU6fyWhPHqJ+kFBDIMpf35bhXdTdQo0P/nTR8WOSKd1IZJBdSvDhy9tLOpy5MvUzLA2s/nHaLk3DU96NgNL0+ZpgY2ViS41Sy8Rt7TxqqWqnn93yHelpdVpTE+RB0fpy9XyHWWb5ZEAAfbvuxvYWuOyhepYb9PzZcR3WRoWtvT4WBFwR7DWjToUsWYcfpJdseyerlS+UE/qAIFuOgqn6k+m/lIxmxTtKXfbIsoC8dA6MOKm3ZWTSnCNevtaUWtt43EGFjHJkKg2A1J/Cm+D0+aGXcwWVACCoIJFUdPxZ4IpHa4LlRYai17eYc+NaxurNh9HhhjBLzM0bAoEG3nbyjtq61SUtSZ93Za9uNbfav4kXRrGoug+LUnjSrMzfUlZsb9yOAFcgNYJx7/bR+R1DHbHJhhKzxL5kU3uBWYyc2T15BGQYywtpodQ2vbrWlErKIhehi009ZYwSHp+QVWGRsfKezxltI9fy3HDxp5lYcvTDCJ50laeMf9wm4I1zqpItfhzoHp2N0vKdEzJBBOq2aFl9IPcWVkkozGHUMeOXpmZGMnClHl9Sx2/pYEc+wik1XPjQbtaUp0I9PxirvPiSLNHIy7pR5WFr7gQNRTPJhkkxnlm3PEi2BY3OvALc9tHY3V+mQYQgGIi2FiVAA8eF6R52eepw+lhuNsJLNCNHYcAw7RblXN3dNpmrleC+vtWjUPyD43VGM4xuJAbbISBfaNFv2mo9XMuV0vdEGkZHEkqAaooB1IHIdtK8eNpMkxWuXBHsvTiaOeOLZHljHZgQx2i+0jbpzqaVorJOeW3guzs0403M1BJExO5b2oh5odgG1QF52F/bXj0ueEsUCyqNd4a1x4UOULssYQ7pCAoBJJJ9tdSacw5jU5nIRiyQlRFIfTLFQZxwRSwBuvPQ3oybCjGb8piZC5MbOiR5QFg2+2th2XqU30/NgxpJmHaZwPTjG1r7eRKvp7qadPw+m7Q6u3zCEMljtsQb6UuSHwemmBN1bAbGzpumPKrSIQplAIBuqtw40x+msQ4wyE3iQArZgCNTe411rksEGX1WV55pPm2OnqgMGsNGLJb7qZY0cXT2AkyEPratZSbW9tZdr50da/qZp11asrR9qCLEO3s+6oZjSDDmMZ84Q2v9tH4eImaz+jMp4E3BA7OPsqrrfTZ8LDZ3IZW8oK3+3SuenVZNN13Rs71ypMHkSSepZC76ajWwPiaimb1eJSkMkkafpEhH40TIdzlr2XhbvqGPOsEwkYbhe1tD99deJyZcXCjUujm64MV5ZZHMKi5jZw176eYcbV7GVlil3Puc7HPYGIPD2VZBl/NTSwKAdC3mNtBy1rvk5C3gSKpJa6e4htw1rnyF9IcGRiTwvf3Ggnz3hyJshSfPJt8v6U0HGrI3eI7o3KnwB/CqyDY8D3/4Gi1Z0aYUslrKDp+uxnDkxpSQ0qeVHjHmVhobgV7AfdhQbhc7BxvfThzoHMyRPFCG2PPGvpKoBDKqm68eN91E4BEMaxOo00vzBOvGq6qOXj4h32/Tn+GEySRDyvwvY6m1/fUyEGpvYd5qJSPdu2i44GqM3MixogZLlmNlVeJPtrSEZSW/tMQQQ1ud6FaCLIyiWvZV4g2NwajDmbhdo9iFb2BJP+NWRASSyG5AAXhpxBqlVZlbEuzxDal7Hm6fjSalna3C7Xqp+n4MQvJIV8WoltkEbuNWPM8SaXPLuJdjuJ51lfimsL4G3W7tYtaPad9LpF7eub9lz/CvUPuT1N1ta9Ufb4XwL+/+q3xNl/dc1hb12sBYWPCiumdaiS8Mkokkc7VjU3die2svk9BzsZW2N6umqAm/gBQGNPkQzpJjsEmQ+X4GN/httZ1P2VVuStHGDNKrUzPobJ8TP/tzQBi0xnZ7hyDsLErY/hSvJ+nMxJvm83zrIoIZSTy/Me2td0DCzYsVZ+qP6mVJqI9qqIxyFlv5vbTLKUSRFREJv/pk7bjnqax7e3H2tBRJOWpPm8Gbi4ryJtKMp2r2bR2c7nnQHU58qNoWWT1kmVnjQghUW9rCj/qLGIymkigeAJ5XikUErfhcq3DsorqxXI6VgPOqrkxwqQwAW4J27Qv8pBo6f0u6e30NO26txr/5Iy5yM9xdVRQPE0T07+4STqPXCE3KgWAJGtiamI1CWGh7qiyYUUKRsN+S7bgwYFQttVI47qp3bwNddU0/HqOumxw5GZFNny2RFvIkYsCxOilhrwFaH6pjg/s6GJEj3zJ6gAF2sp23PE8BSnpv05kZm35eQRY5s7yPq4JHDYKn9S4+VAyYUmQ80O0SQu1r7hp+XsIrZJcFWcpMwu//AKO0RNl8hRBnZsSSBJIh6bKqhyb2bTt5U96b0/pPWoJ8aWB1bHX1EygdrFn+PaOG24HGkXRMYZnU4Ipo9xDlmW2h2Dd5vdW8y87F6XGRIu1ACUijHxX91teNR1VWXv8AxJp33wkj59F1TqvT2IxcgbL/AAHgfEHcKM//AHLqzL6M0ETBtDdQwPiN1vspU+1XYkWOthyte9VeT1blN7WbS9uWmtZuHaEjRV+1NvYe9NyBnTHE9JRJkMSUi/b3G2q+BoDJ6VlY7kiErj3sxYEemSbeburZfTz43yEWXFjRI6IqFlUByll9Rg3E6k3qfUsPp2TCZpZHiyPVKOI2PnZdL7TpqBe9q2r1pVsrb7+DN9jd68dsR5MR1L6e6wnU8bDcmZJolcSQ3ZVjuedgBTcfRECwmXGZxlAHbHKVIv8AzLTyGQuwjViEjUKAT+VeHjarYM+M+mSbh1IW3Em4/GpaWmxtWiUvWzzJ87l/uUGU2JkRvE8SlQjEg2tYEHmNaO6P03MykaOKMqiOpKsdguddQbeNbTqMQzMOXfEgW3xMLkga3W1mXtFjQWN8vLjxiLLSe7x+p6oCEqvFbBeyodUCbVnyZDJ6Z0/Khigx4zkJj3+ZzYyFXdb4ELf1CT2Vnts/T5VgZFVgPTO/4XF9N2tPOr9Q67FloseGRjLpCEHka36StwDVOSMjIVMnMCdPkhsVmdlLEA6q0a8+ylbwKjeusi9c5WkAkiUGKytEnlBVeHG+pHOvZwn6jkPkwwTRwRRhZCVJsduvw/5anP1T6fgyZ1kjefKm1eSQEG7AWKg28addI6nmN0+eKPaQiMNttfh1J9n3VfKYUYqiLrEzkx3T8ALIsAIJciztwNzYWr3T3E8zY2cpXIw5GUflOpKlGty0p9k9JyZ2tZFllUkD4IxMpXy35A8RSTO6Z1PCycjIZJH9ciQTKN3EXIumlwaK1ryzprkOdklxxxxgZN0hF/7kTm6m8g2i2zmEtc6VT1NXWNjEWWKP4UYnTcwC3Hab61Hp2SZiFa4kkVm2917Gp9VkI6YrObjKkjiJJ83lsxP2Vp2Uq4cfAVeyyTz8Rt0TLWItDNOxLKFVW+HQ/fVHW5Zsouk62f0nAQG4up9QMOHEVnzLMuiycOF7G1FPNNiSrkJKJX+XZ3M2gsx2gRga1g6tIrlytjUL6bn4jJk4snlkliUK3ZtYP8Q4XtQfUerQRxjHijLvE92fcTa+m3UVV9L4seV1ZQ7WRU3W5nXgKlJg4gXIgMgilnctCJDYgKdpsTxqqZbrbOAaVYalL5yF4EsBSVgonsQZNt7xixALEcL1fLgdFmN5MVEdwCWRiNf1DUcfCk2Yk2DhNAsXp3bcZkHxW4a14PkZeFE0f9VTY9pB/wDKqa4rD03FerVstPlpHgs6h0yX56IYoeZchtsSk7mU/pLdw506fFEUGPgQZByJ5ATPJ+VfNoobsFrmhsQTYvT3k3bpmG2SReEYbhGpP5j+aoJO8A8mjEAbuelRX7m50X1CzcLz/IbT9JbExxGc+PJVtXi2fugHiFbdex4XtTDC6t0jpeOhkSOLIcnbFjRKDb/M7faSazEnUneSN8hQwTg3Ai/Ol02XsyPmHAcb7KrajaOFaqyVXibNmfGWpcJG/dekdTdsiOL5POdSiZBUWJYEgnbdW4ceNJx9OZed1Bo2ZYkQD1GY6qBx2rzo/p31Bh5GNtUxqQNVawAHdVpysvJ9TN6dCJijGGZg1jqqkHU2rHFrJ8WrV1jc2h1WLKLYUmKnwIZsmRcZMiSIHbGxbaSAbX8tuNEYWDGVSRo29OB9rycWB423dtUq2RCBtkBO5lkjKX22Pb7+BrrxR3SNZ2jSSQybviA7mUkAmh5xpGcfzBUSyszry/kaPqfUMKLp6O0JVyQqN+bTvPGl7TY2TErK9pLXXadfaKDM8TY/y53uxFrubqDyZRyoYYRE2Pt2xyMxLzbtNpH5lGgPcKahDvVvKjC0Hn/67mZmCc+Ij1Y1JWLVnkXjtFuB7KROmR6tsksCPKyahlI/m7Kf53V/kYoYsXJcNaxYGxt7KDly4M/ZLkzF5EA3MR5iL9vOm+MfbL9WiFyTi8exMBxcjKhxJ39UB4tvp99zrRT9fz8nDbFnmGSj7fTVF4Ws177R4VrJumdGToMizuuLjyqCJjq1/iXx/lFYFTHAzbGR1U2Vip1A7FJ599OLfASt15IZMM8YMvpOYrAyOASqk8AWFwKohVpmCxgszGygC5JPIUVlPE4EOI7JHIAZfUO1d/M2XSw5U/8Ap6XoHSoZJXyBk9RsArIjFF3fliJGp/Uam1XOpS7FGEWp9Kz4HQ3ypP8A3bDfNGLApGByb9Q4mszKZH/c3nvOoOn81bDridT/ALYc18pEgjXbkY40OyRgfiOhOg0FYWXqsAYhQzjt4ffTacJIVWstv+GRebLAJVxbkGFDPlZhuGYDwqb56SAhkIBNxw07KqsZ3VYbu7mwQDX3U61e6Ju1+1hcT+nJHJIdBY2506SWOWJZEF1JsDVfT/p5UtNm+eTiIfyj+Y86bskYTaQAgHDgABXTTrhZZjbsl4QD6g7aRdWk35gF/gVQO4k3NG5Gfgo7CKbeoP6Lj2EWpXkCGbNZkkHpv52fsPO9KyjAIc48fkBJ1A4ir4GUh2Gt21PgKXYrzPEhjl8hcgbtbqOAolp1iFgTpxtwNEg1p6EuoNH6IEnBjoe+1LEjSIcSQdQNKvyMlciLbv2MCCpOgpfNK6eV+HJhwNY9lXMm3XavGAjf592lrWr1Beq1t3KvVEFckfS8rITIxvmIHAlQ2G5eY/K476X4efC/UVWfDCTC0zE7SFGm0Xvuv7KFwc5Xn2yHbBkDa7fpcaA+0Vf1DDix8gZAkvO6qhXTVV0D9ta/3Df47QY0S5I2uHLvhU9pvftua5NIyZCAfnIB9hobBdVw4CDcnab+JtVfWiybXD7FBBJHPThp215D0jwzeMhfV4JMjBdcdQ8unkIU7gD8PmBFYvruLk+oiZiMhUH0XO3Ttts0rQYfW3snoxeoq6MZGsSOZFcy8z+5RPNjRLLlYpEiQuNyyRONpAX/AMcK9DqTrXOtjJrMrYwADpOEluBcbgvMd1Fv0SWab1EBjx1VXR5DqQRfTbV3UBm+t/3MSw3syxKgUIL/AJPHnTXNGSJ4MG2xdkRBF7+mEB19taUSQ7WbSL4+ovhY0OzymMqbjmb+a/bfnU+uzZOdipO0QiCsdrA+dkPMry150DnQSSGOLHQyNuG1F1JFx2d9NsSPN9Bk6g0UKEbV3tZrHy7bJ9l6vcmJXvFHQRNFPKYSEkeMxiZrnbuIJt2nTStjCcKPEAy3E6wxnfJMASVGrfFSDNZYJIVgnRnYiNUC2sOZ+Lsq6XHOTizY8ZKiRbNK2pZu89lZ8k4jQp1amdRRm9C+ehOZjhcaDd+6GuBFv868L6AFQe+s/PjtjTmNmDbPzLqDbnX0Lp4ig6dFgeqWLgmRyL33HzKd1+PCkf1P0fHx4PmMRBGgILIOFm8pI9qihNOwNRWBx9OZEEPQoWdd6hSdotfczstvbQXUiVzlG0rdWfadCL7fi7/CsLNLPiSpOi7o2tt1vZvD7q0XTMzKy4NmUS7RhypPYQNL+yrdraRh6srrVW5nPgJXLmDySRmxjFwBzIs5U+IBFLl6v++kEZIjMtg1uKObmrsKYr67bd62BKg66cxSTOWNH3Y7XudyD8y87EjSkzeWkmb+OZ5sJ1LFSVIDDQ8NLX51l+lSYo3vkJNvhuZGjdVAA+JrW/GmPS+oplYTO7hJALkE8+721nc3JITJSAndN5XIFrre+330tURfYJ6h9SZbZF8JjFix6RRnUn/M3ea70nNxpsj18+UNLewEnwqTzFzb7KRL8IB4ga1WwsxINiKziRcoG3WYo8vqozYJfmI7ojqSAVK2A28NyWpt9O9RGN1aNWP7cp2Enhc0higX5eOdZR5rh0/MCONu6rYZo180YIY8WtZquteWJ0M7PjtqfQOtJhSQSY0UqqWWw1uEI+E+ykuPi4UCgPO+Q44ncQD/AKY6WdPOKxvOCW5Ft1qcLkYo0DaDuP8ACqdFupIV3s4LzNAxDejvZfhYpcj/AFNrXmkhYKDjKwT4QUSw8L1AZGJ+ofbU/WxP/mLQEvyc3If/AMWL2hf/AITXGSKS2/GhNtBdQbD/AG1MS4x4SJ7xXJpceNC5kXTvFAEI8aBCWjhSIkWJj8pseWlqqyOlYWT5p4VkI4FtT7zSuTrM5c+mwCjhoDUH6tluu0uLeFqr8b1wLns2wt+n4pvjwAlSLMNzbbdnGor0UQrZFQKOxm/9V65g9QfcIhGGLc1vemkvqABSCvMKeZPCpsmsMaaeVsJZoHTFnjRZWkVg7EqGUDl5lHCg2nBUFwYybcdBr30X1SCSZWiDWniPqQyKSNT/AI8aXRdQIhZ3QFrNHOGA8twQWF6lJbFOYlncv0cYAzTxs3KONvU/4kuv20ISMvGk9PSzbtp4+Uaae2lUspd78ANFHYKYdGgeSaWVSAkKbpLm2lO1ZWNVkK2StnR4BNzxm17Xrc/R3U/lOn5kM58mxp+/yi2nuFZ+PHwZ33bd4OoCi1/A2ojIx5YhvWIxROu0LrxA79dRV0reHZ0cJak3dJVealvQGw+t/wDfGWeNZQzEtG3A3NzTaUY3Up53xAmNHBH6jK58oNwtlPtrJ5GM6vuj1B1HbWq+nFjjwJVzCqNlEgM+gAA8p9nLvqKqrczCSyX99XxjV4A8eKfImWGJd8jGyjQXPtpz1rpMPTMCAvIXz5mu6W8qqBqB4HnVM2J04JIuGWbKiIcK5BDMNeFhyFGdeGTP07GnnKnKgFpCBcupFm9x1pJKys67eTRtq1eT12RksqOWRrX07TyoCYz4sxjLXYWtY3BvwtTJ5Ax2cb8qK6R0Ruq9RiiY7VXzyOeAVeNRVuYC9VDe5LPy8nLgxYZ5D6ePGoRL6Xt5mPfSmTICvtC3PAUdkJNFNLGpEkcUjKjm92Fz9lLsuJkPqDVtd1uXOtOab95k+trbRFyyXYcud63/AEr5WTpOPshjuyAv5QbEHUk9t6+YiVwQR7a1GB12eLAjxIbbWt5mHAhize/hTehNf1AX1R1WTMyzirIflYWNlB0LcCT20piWHgwqvKLetIxN2LEn31SZTSQ7a+waRx4pBLC9+A0uaEmjMEgeMlHU3Ug6g+NUrkFSCKlLPvXXjxpi2Nj03qPzeAkzn9wXWT+Yc/bSn6g6i9kxIztVxukPaOG2qugyFcSUE2DPce4UD1YH5kE81/GuiftT8maw2Cq2hHO1cjY7iovZ9CAL6VFPjXlqNaOxcd4shHNmRrhmGtgdLgVF3o/A6+A/HCJEoFiBrp29tL8maRpGs3lHKmIUozemQUudqt2eNLcyNlu4FgDZgO2sl2SzW3W0sZgoL3A+2uyMLAe81SGqRYFbE2qpM4L/AFIdu3cN1r7edeqv047b/WXfb4Od+yvUfi+k6j/K/wCWgzxshvLc8Dr91Oos85OKmPId8sIO5ra2uQtzWdffE5FrMpIYHtvR3SJHkkm0sgUC/edbVPe//nZegUUtG76ZkJ8nEl/MFUgdwbWj+sNHEIpmX1JVb9iPkXtoT/LxrLdN3mSIeoq3faqk3Nri+g4VruqKrYpNxvXRWOgBby/jXlNJ2jyzofkRQx+jC8sh873Y9gHdSLp+fLBnblmEar+3uOoAvu5d9PupMuPhSFjZVSwPbpb7aykQ014869IyTybTPWPLwFSaSKSYlXSVQR8JBJ17RxqjKxjnyiSSX0RGuyRl4soJsBwPClfRZsZJWE1ndhoG1FhT4fLyPuLAqdTajOqHCnPtLMGHGkKMkbQrH8EqeVtO22p9tA9U+nJGkaePKPpXLPvXgOJI2cfdTdMyDFWygaGhpetPKrEWCAEeN+2iWtRuqbwjMelj/NQSYxI1KqrMWJsNWbUgE9grT44PpoDoW5Vjn6gsXWvTyItkEEd4xELFgdQey5vrTtPqTp2Qqwwq8eWfLGkg0LHQDctxSbW24Q98wwXL6h6HUjJGRK0d4jELgjtIa1uNHdV+ayOiztkgLIEDemo+GzBrEnia4IMPppWSaaLMyQf20jjBl9Q/51NuPaDV2Ucn+2TnMAjeSNj6Q1234bj2mhaoT/SzAZeXLjGPaqsp4g91Oei5LyRXYCIupaO7Aajhcn9QpD1RbxK36Wt7xTNCAi7fhCgAd1q0bcD6V9zfgPwppsbM9QbEQHbIHYbSp4jTjUPqP5d2ilggEXqA3kH5wLflqhTFuB2B78YwpP2m1V9SZdsSJuUeZvTYhtt7cLfdSWpu/wBLKcKJjizzJIQ8DIFj7nvdqjk4ebBEuRPGUic2DG3Ejd91S6Zmz4U8ksFizLZgxsCLijs/6gy5GMEkEb4zhSySoGYG2pB09hqLqHp7yVndL0YlBdzZV3njYC5+yoxiEnc4piDj4eZDkFFgwnBCSLvIbtvvLEEdlVdPwRmZEnpsGx4mJLi9iCfKBQpe5FoWqRCJJZztS6qOFuNqaQYu2wPHso04kWMAoWzcPbXkFrsRoK2UJYMLNt5KQtpAFF7GmGSqIbLxtfTWgI2KuW1v3Ve07SfEfAVTmSTwbygW1ve9FYzDcENhu/OeVBlra1Yr0hjGYhGAcAqfzbRVc8GPMfTVo2IPmUqLj2GhJZdsV76CqP7hA0iylAjgncV/NzF6mGh4cksrB6fC6IVQlj5rLbaO2pN076eKMPVKOB5GBupNuY4ihZ8iLInMkhG06eW4NuVCkXay860SflkNrwNOndMwhlBock7h+ZSRbwuKYdTlkZYp3bfLETGzDnY8fG1T6TgrHCrMPMdSal1SILi5A5qRIPAgf/Cam695VWJ8oAhZeIGp8PzCs91+EQSlo72nAMliLduvjpTxWHmRjuvZ17LEeb7aSZkMkizFlLrchJLEFSNFUnmNKzqsl2fiYEQ1NOOi4UmXHkC+3HjQvNY+Z9vwqo4Gg83CGLnfKBrqAh3HkGUNrbsvRuI2WkrJgkqsY9KR7geVjfdfvrSq0b0mCcZzlKY8mj6fHeSLBwE/7hlAaVjw0udTTWbH6H0u4znbPzWFmhXhr29nt91IsTH+osP1oYold5I72UruKjg8fbt46eNVQyMrKuwtmNdZi35W43Nb9vZazVaTacVrXHxI/t+in3W7LLqVVyve2W/Z5NZ0L6V6SuPHm5H75lG5Vk0VA35e8jhSb6oixxnT4sCeSNURY1IAUBRfSmv09ll8STCmkBkja5a+gV/ssCNRWG6zlZePnzzqfPI7ISSW27CRYX5VzcXW1q2UNYZtyT++rdlP2z4GPSscJkfMZLN+0AEAO49lz3AUfP1WNTdfPI5sAOCqOA/E1lek5cpy5JZT6v7ZJ3E207hR0OYuS0kjKqBPMWFiNRetKutawibWbbbL5mVyEUAuNVH5iOBNN2mg6Z0XdDIvzeYdhdWFwLXYW4jaKz/RkkzM6XKY+VVKgcrGqer5CHIZV+GPRe8jj76nil927wHLETowtJUkTcGvyvVDosjWsANb95OlK0zJYztW2w67eVHY+WpjZyh38FHJj41hajlwbU7FxhkG6aAblwqfqY2FXY0UCAlJhJ6Q5BgAT3tah3WeVy0gO4cjpbwFXYcbpIySKQJFuLjsq4iryZpp3UKFJDKxFMJb/rGzXv2nhalLAgkEaitDLGZCFUaEgs3cOVLepYpSUyIPK2p7jUUtmGadtFCa94vBrhNSCsdKiQBzrQwHnTP28SPsdrm/YTaudRx1eVbtyOormMWWDHiIsxA9mt6t6gnnV7721BI4Vop/HaNhKOSncXfLBHUgl9fh7aNxpQykkAWNlA4Cwql22KrMOBr0D3ickfGWNhUpt1yy7Kqegbv7ND20LMm9WjBLAm7MeZquKa7bCbnke2jAAVrnurVcNQzelq2rKeogcFGIry3chRqToBTeTppmJZU/1cB7zVP9s9E7xLeRdVCjT31tXKl49pz2UOE5LPk8ffs2n1bfbbsr1DerP6fq38+74r8uFeroleNjLixp1TEmglaSSMRrKbgKwYA8/uonpc6NE2OkXp+lYu5NyzH2VX1HqePkQegGZZFkG5HUqRa99D417Dmx4jkbgsAV7XY2Y2v8Vz91c39w/sbRr14cMMEssUnqRGzKbjxFW5HWes9RhmgnmX5ZVuyKgF7G4FxrSXJ6zECVgX1D+o6L/GjendXhiwyMiIkyhr7Lc9OZrjp1NPlavsnU3o05U6I5iYeXnSGGByQCLRs9lJ/1G1ahOiYeRgxM7r0/Oi/blWTRHK8z394rPYL7Y22fEPNccaa4eWuQjrOyAEj+uhdD4sNVNdFXt4Dsro/OQ7IxsXAwJIkyIJS4B/bbzlxwtxNjSOHrckRIIvra3dTU4fT0PqzY42/leOYtATyDH4l9tZuPp2fLlM2PGWW9yTawB1AN6tGTHJzzkEbrqjHQ91WJkxpJ6UpBiN9ovrprcjvq/H6b1NoLSei7clY8PbalcuNJhdX9PJWxKAqbi1+0GovOyNep1mG0J+sysOt3i1DKiqP8rCm/lbpizxqBLAQQQPMLHtpPlxyf3+RJbXjbh3BdK0XRUkCvtjvHuuH7xytSuo4+gdT5O6/qlolF9V+hGZE6bE+cbXmJ2A95AvrQ2f1TrWbhyZWREkeMDrGhIIuVIfzfEKfocLIYyrGhlX820XFuVBfUk4Xpsj85NgYf6lWrUSjJ7yY3NX1ITcW3Opt4mj20bupZlPux5bm5IB+0UNFlZKRgq5KjSx1++rYUuqzO46WxcXG6/L/wRVeZ8e0R+kFAG0G/fegPnJ9CG7wbCqZcmd5vWdy8nafC1CRb7VEJBMU8Qk9PcNdL99aKMbsGbIyYTKREfSDKdmwHhuHPnWMBsQeytx83jzxZUKxsFSEmFwSU+AEgrwvrxqbk1s8vwK8qAZuPJEDZoIxJCqfC1hw7tGp50fCTDxljBAMY3Mx/NK38BQmDilI0nCkyKNrRk7dym2t6P9eULtOG9r3urqb38SKVU0veF3LJnEnypd+m3kWNdfpGRoN6a8r2qIyIB/8AiTqey6sPsNe+aXdcpKP5o2/AGrUmeCsdJy1v8L37GFROBkJfdG1/D+FX/O49ir7xc/FsccPYKuGfisLtlmO2m0qffTbYJIVSRyp8alT3giuKStOPmMF0KPlq6nkxA++heothJhSvjmJ22MVIYXBA40cvQOIjy5nmkCj+ktxoeJ8KikViABrSZM2RTYnnr30SucpIN9RUlDFkU8rHkRRnTcJpJgWGgNK4spG57QNTfsrTfTUqy4nqkD+owW/YDV0u9Cb1Wo/x8KRgttANKj1PC2Lrr6kTLbvUi32NTfDIK6WOnKq+pqCsV+bFfepP4UWZNUfN1YgqEcRMCEElgbBjtvZtOdLMXr0jyPjZzy5SeZIUFhudjbc57hwo3qSJH6ytoqOdw4cGpX02EY/UEy5UV1kLekp4Atpc+FZuqeTVXawtyjInx5+p5Us4b028qleK2soPstXP3I0Po5QMTcwdreDChVZ3nlcfFckg87mpIyeqFMXmJAAuQLk91apXha1pb923vFX8eW2rWr+x4n2Me4OVnekiNmuDFrCQ50HYNeVF4eNnZk0pdwmMsjGfKYi5AXUjwFD4HTc7JO1MaM7ePnPPvJFUQuwd0lla3m/7ZSbXvwtVVvwc07fyO2IrXP0KdK9y4vpr/b8Hyd73xHvY2x5cbDyi8LMMR1ba5OrjUbv9y0qzYjPjvuAMsl3Tx412fJdooY2TbbVO5SB5feK8DcX7aVF+p2UN4ZLjCq+VVo/IgikaJm23uylTy41OORhD6a8HN27+ymU2NA5LFBfmeH3Urjb/ALiJRwLi/tNTEMlo0vTf+x6ZLLa7kXA7WOgrP5Dq8pINwOZ7aadankghhxY/LvBd27vhsKSHRaq7zHgWwTh4frsJZL+kDaw4k0dsMQjXaI0cnaF1LAcG1NxrVCxti4KudJWO63YDVMU0ZKtKC7m5F276xcts0SSS9Q8Y8kgKEFdpJuQLsRw1N6uRvKpZ3hZ1uTxAN7cD4a1UuQZN7Noii4Njbj9tHvkxSwrHHGqohLjQgndb8KRSB1faL28uljzN/wDKdak0cbsBK1gddoF2I8OXtrhysbc2zbuHb20Th4sk6vIllJPmY63vzquulXbIr3aqCSY3TU1XGZu0s3H3UDLlol1hxooxwvtufeac5HTXK6yN7AB/GkuVg+mbksw53/wrePCSMZCMFvmJla3woSR3gV7qUxX00d+LaLa2tBxStAbxHaeGlQyL5LiR3O9eHZThqrSzIpyn4OzPuWx4X1riShI9i2bsblrXHTcAp1F9fCpPEojCoNRooHE1lRR+rBpe0/pyE4HTjkKZiTYGwHAadrUxWOOHT+rIOZ+EeyoYu+PGSH4bDzePO1ejPqi4Fo+08Wqr2q3hS/LIorJZfuOuXkN2O7sHIVWydvuFEaAVW9uIrP25LBfQTfe3l/Tyr1WXF69T5PztASLc6H0OpPEz7l9Tdv8AiJB8w9tQ6gP+5LXuJAG/A/dVUmS7ZLzLozE28OHKul3kjQNrsJ2nnY8qE/th6ieuNCmr0lmZdgtZRx7BVJFdQE6LqWNgBxpQgTa0HvRZCsKsW8u5lF+7UffT7pqbMn9qSUSE6JGhYFTr5uVqs6F9LphYwk6j+7Kx3iAGyKbcGP5jWlR0jFo1CoNLKLVPD7m9mavsXFLdFYwo2BbbGjEebagF79p1t7KEi6bNGAmIUCLx2vdj43W9MxLqSAb2+yqp0ilZTbZKdUcaE/xqkoMmycMckQu5APexb76I2wtq6K55MQDQQ33AfjbT2VYGe1t2opgEPFiE7pIY2PaUUn7RVfp4S6LDGhPJQFOv8tUMWPFjpr7KGypDEvqK91UgFbW1J43pROoJxpg9kdPGK8k0FjGxLMv5hfj4isv9QTsIfT/Kdrt3m+4AeAFamF5md5p23OSdoUfCg4KPxpJ9TdKkmiGdCPJGGE0QGtmsN9uVrUuOcDdsZMdk/wBB/C32ihINUIovKFoH8R99BRGx++mIsBIO33GosTXX7RxFThx5smVY4VLs/ADl40AVIjOwRAWdjZVGpJreYkMOLhQQRxhJggGQ7WZixGovyHcKC6V0mHCs3x5BHnf8F7KcKIgAQnnI07KGNSpIILd9WBzwvUfs7hXQRzoAtDjnXbiqbjlpXbigRbevXNU3r240AXbVPEA+IFA9Yhi/tszIirIADuCjhfwondVeRGuRC8LGyuLEih6Drqp8nz+QWN6gCRwovPSKOZo0cELpcajSgi1qlaFWhNwWCU2IBOvGtv0XAj/t0BEs0bEEtscqLk9lZHpGMmb1CLHf4CSWA0JAF7Ct4hWJFRRtRRZQOAApoU4Lo454v6eZkL/qU/8ApqUs2UVX1MyZ1jYPtbYQbcj5aqEo7aqy5QsLOARpoO2mIV5IjkyZpmUFSSbHhrxFC4cWMgK21UuyXN2DW3e7lXnlIAS9yfMxoeUlFdgShAvccRQIS4UeMyuuQxjZ7enJyB140Zj9PlGRG8jq8INyy8SRwFCICsRuu9eY/GjsFEhhMouPUNwDytVWvelcTXksPZl066Wh8lZp/dXdGhh6lDhbZBvlyBcR4kfPS+vhSfpnzuZl7ocUL68h9TIf4Y73PHuFCqkOVI5mm2kflDWY0RtKJthkV0UeRGLaX48qX9td9bbrPK3is/M1/uOh9lU26Kiz910n/wBZn5FeVEIOqviesMgY6i8y6qTYcPC9WDhQmP5sieUCwY7QPCib1om4l6ttmEJOE5SwoKs2QLA78Gtr7dKSxEtOh5l1t76ZdUe0AXm7D7NaVDjUWeRM0P1Io3Yr9qsPtBpTjoJJ40IuCwuKtyM9snCxonQ3guvqXvuFvvrmERHIsrcCbDuFFnLbQbot6nNufZyXSgA7Kbijc+NnybRjcTyHvoBgRcEEEVnXQ0unyZfFK24sWva11J+IDlRT9QZ7LqpOhA4WHKltTVgLm1z40yJHH7AAPpx3JA3WYXsLnjenXQxKqTo5BjDAxgajWsf6xY+bQW5VpvpwlcWWQk7Gey3OpAGp+2q619wrtQN5100pLmqLEGm8st1050mzTob1syEJXG1iK5uqMh857KjeiQgs3UXgOnqMJPiUXVjyHOgb1ZiuqzxlvhuAb9hpWygQ0b1Mg2F48ccTwZ/4CrtwAsNFXQCqppbaDnXR5V1Gv41zyannYniapZypqT3J76gxBFiL9lAHfUFr16qNb/D5eznXqchArsezjwrU9J+ksnPwocr1kiSYEqGDFrXtes5ErTyRQ3tchB/qNq+v40EeNjxY6CyQoqL/AKRaizjQK1lNs+Q5ELQTSQt8UbMh8VNqM6Civ1jDV13IJVJHhrrU/qJAnW85Rw9Zj79al9P3XOEg+FdpJ776U0TXZn0iUrbbe5AqUEoeNCddyLf3UFMxDB76GO9vDW9RhnEWxCfLtHsIpgMY3sSCeGleNpUaE/GvmS9ULILnsNQyJDCBONfSIYkcdt9fsoEXLMzKAwsV4/8AnUi9tTXGCPaRDdH1vUN1xbjbSgZYXsdfhNBZjs0EwGhXn29hq8EgFTqBw8KHnUFH5Dba9AjsGSkn7sbXMbbJU7CNKNXJS13sqnQludYOfMnwOr5DxPYFvMvI6C9P4eoQzxidXK6XLGwUEeJoDVCv6p6A0CNkYK78aRgWjXUoSeA7QeVZlsPJxpCuQhQ24EWr6Hi/UGC7LCSzsdB5BtPjuNDdZ+mos1fU6ayxMSXaJj5Df9JF7UBoYBxan/TZRhY4VEHqsLu543PL2Unlx5I8n0JFKyo+xl7CDY0YZHALAkAXNtPxqL2SaT3NKVdk2swO16o41KA1cvVTbzRadoNZ2PJkc23a8rj+BFWtkypYNtN/H/GjkVwcTGDQL1KE8Vf2WNTOfj3Fyy+K1m/7h6YG5TY6aG/8KsOWjLrcX7RTkniaMZ2KdRKAe8GrFnx3NzOhv31mVyI7fFVsbBlLLdl4XGovRIoNICp+F0b/AFCoSZOPDpNIFIGirdmPsX8aT4SxvkRxyxl95sEJKi57SOyjunZeScf9l8aGKJmQzTenuJB3f9QE6Xq6pPLaSXrBL9E5+JfjzT5blcXGkcD8xFgPE8BVHV4s4QnHGThY4cWcmb9wDmPJuq3IysbIG3N6z6ij/pQKzj3KFWqVk+nIgLRZGSe1ikQ9wDGtFWr0X/WrfzcIiWtfm0jMS9Kxoxc50cjfpiSRvtZVFVxYGG7WeWYDntj/AMa1nznSf+l0rf8AzTOf+UCpDLX/AKXQ4j4mVvxo/F6X/wDUOf8At+YB0/D+n8Yq4lyEmGocxbmHhqLU0B6ax8mdkgnm8On/AD15cvqB/pdGx1/+zI33mro5fqA/B0yJfDGA/wCamlGrj/c6f4BM+PdyIertttyIZgP1K0bf8tqG6lMu1jcMijkbgkjQXpgYuuvq/TIW8YAP+VhQedjStjsmTg/KzuyLj7FdVZiTf4mYcKV1VrET6NfyGm939TMR5Ty5TxMeABT2caPaESQyktYiKRgO3aL0nACdXRToCwDe0WNPMeJpcnNsLrBhyLpwUyAn7ABWD0LWolix1lW6ybJlOqH8yVblylbRxgsdAFAv91dwU/ZG8AyI7AE8eyq5Wnx+o7kO2SLiCARqO/xp2tydav8ATXMFVXGjslm2CawjbvOMxF77wjgg+IFMunpJMAwjTHgVgJJmHAeFWYsnVp4XkTLhjA4owUsL8NAtIc/qGfIZI5pjIIzZgD5b/CNBXT/+m6WGl7Ekc/4KvWX7W2dGVHC8iqu6MuzBgdbE6VYvUMUjViviD+F6ShmGgJt2VI1grODUM6hPHM0aRNvAvfQ8TpXW6TlpEZJNsY0ABOpv4XoNGKyK4/KQfdrTrLyVyIIpEPlJNx2G3A1LeV6lJJpudBYceVFsDuHcatuo2DioIv4V0ncCO2qnNyR7vGngkcvjo7iQGzCx0obNgDNourdnbV+JL6sCNfUCzeIq1l3lTfQVzOU36HbWHX2ozssbI1joahTLqOMVf1Bqp++lxBvW1bSjlvXjaCcYYnhcGtL09Wgw4hwG7cPBqQQp6gCkkCtCkwOLGlxvjARhzHZWlNWZ20QZK4C+NK8x7g1dJPcWvwpflSaGtWyRdJ8VcvXmOtcqRnb1wmuGuXpNgM4WMjx318tz7KKZrDeeXChcULxP5UAqxpXY+UWA4VgzUg0xvwtUHZmF1Oo5VbuD6OLN21W8TIbrqKAI+o3p3v5uyvV30n379vl28K9TkIAcWdsfIinXRonVxfXVTevo3SfqrD6gzpKExpEUMNzgqwJtoSBqK+aiNydAaJhwcmQXVdO0m1U0mSrQMvqswN1qeWB1eOUK+5SCLlQDw8KYfT2B/wD5sszA+pk39M9gT4T/ALqSthvNlwYSIiSOAvkvrckljuPG1brGhigijjiW8UYCXtoABa5NOotmeeUNiKw+KVF/4tK7lDaynkRY0LjNuxoRxPqlO3RGb+FGdQRjDdTbv7KYicMm5R2Wq3cDFZhdDdG+6gcGUM3pn4gKMVSQ6HgeFAMBxpcjEl9AtviB8t+w01RllFxo3O3Ols0VyNTuUj20TH5bEGwpAFGwoeW20g3twBF+yrg4I141WdUa/gKAMl1BMZOo5QyELq8SugvZvUA2ix1pct7AAX5U469BEudjSyFlhdQsjKLkAHW3sNK5lxQ5ETu8Y4MyhT/zGjcFp7MDDH6RM8Ylklx44/8APKPcdt6dYHUkxgsDyRykBgjxX2WFvKWIA0rLwwCGzNGdj6hHuAe/tqybLErxwkF5lBKxqAqgdgAtYUm4GlJPr5hbrcWRE6sZwrMi6lWHl18aqkhtdGXax5EWOvdUIc+WGckQxxOvFQtjbncnU++iGz8OVy+RgRs54ujOh/4WqOynJpzoadd+Ka1koGG41G2oPjyfpvajRN0luWTAf8sgce51/GpCLDf+n1Ar3TQ/jG1HEpdtogUZEEg2kqQL6nlariBpTCTAmmXbHl4kmtxdnjOn861WekdV/LBHKO2OZG/GqSwRa0uQVRy5U4wMUPgjiCWLDabajhS/+3dUDBWwZRc23aW1772phkZh6birjABsuPVlBBAtZyNOdqdUm49CXMT6gefNIh+Ujl3ZAIkR9B5lJBj05ig8efpcrvN1BpIJb+dY0D7m5kBmW3fVEzI7MXb9qZjJBN+hyblW/GogyNL51BzYhcBhcSrb7T2dtVMaNqPAvapHkGb0NR+ziT5HYZnVAf8ATGCfto6HPzHAGH02FByIhLn/AHPekmFndbDWhgK96xDT2sDTaMfUEw/dzBCOySdI/suKvkv3Ov8Az7H9CUntP/Gs/MYIfqpx5IzEP8qRx/eK80H1Mf6mf6X808a/caXnpxbXJ6nj99pTKf8AhvXP7d0T8/UbtzCQufvoSpsuv3dTt8wfLzf/ALKoa2P1Q/1utIvbfK/+GqGw0J/e63Cf/uyv9woc430/H/8Akzyfyw2/5mrgl+nU/wCllyeJRf401jRP/j1R9Q9/xuggYvSl+LqoJ/yxSmoiXCxGM8Ob8yYReKLbIv7jeVDZxbQm9V/O9FtdOnSuBpdp7e+y0N1HPh9KL5Xpgx5A6mKYs0t2U/CQwA76dnaMq8eqokJROq+LYH1PGjw+rY0ktygEZntyl+JlJ7r1r8LAhGL1LJi1+dDhCf0omz7WF6zmTEuRiTYiN6ssJfKy57XG9Roin2kX7TVOF9U9Ux8NcdRHJEiFRuU3sb8we+sOxOcb5NKNb7Crp8kjwyFtbNx5+arnAaQy21Nr9l+FUdL/AKMw/wAy/dTCGNCd0hIRRckC/hShTJXJuqXgsWZMTp8+7+rMrBbjjp/jSDIJWBbnzTNvYdy3A+80x6jKXWJL6ea59opd1IxfNMsIKwoFVL8SAOPtpksDqzvqureVNCOAaVZG2xgO0a1FeHhUVN3vQAUGNrjhVbML1ao8qjuvVTLrSGX4mV6UoBP7bfEPxpxEwYXU3U8KQxqfUUd9G4+R6M3/ANM6EfjU26+Slaovr7eLh6DGeMSIVNKJsRg3l9gp5oRfiDwrkcCPKqtoCeNY1s0dF6qyA8GNiPgPsH40dB0yf15trRgvtZVd1Q2sTfzW7K03TunxKlgoN9eFWZ/REykvERFmbdkLEgBieCN23p17mraSS+hOuXBhX9WFiJlKMddeztHdQcsm4E9tbvqXQTP0fHxZ8qLHy8G6yetopLC+1HW5INYXMxpcWVoJR5kNrjgR2g8xXZscjUApr1eNcpCOGuohkdUHFjauVfgrefd+hSfwqWxwFBDHvYlljjsCwHHwq8SeW6Xk7zxrqtuTa5uCLGqWUoEKEbuBI7e/xrP2F+0608g4RgVT6k0hCo208xU2cuL3sea1djwTIyyyx7UkW8b8jQ2NLYvtpa+trXr1e0vxr1ZybR9IBcUAuCyXHYRTDf2DStKfpXAuDHJJH2jRvvqE/Svp/BI+blYH9BfU/wClReteSZz8WZnp8pPXUc8I43t/sP8AGtKPQMf/AH4IxR/TkjlIvpcAxrqTS7IyeiSyMMPGGO8a3jyWJBbgCtteI7anjr1KZjPBloPTUDYjAlV7WWqWgmSwciFY8dYdzwvNJ6TMLMVudTT2VbxEjjbhWTw5y2QJHcModiGA2jUngvIGtfF54h3imLYQNK+Llxm9kJsRTuwcBwTqORpT1WIgb7Dcuo9lHdKyFniHPl7qAWhHIJQhxxv5j2+NWxtpYnwIqeTjb1NqohDr5X0Ye4jtoBBVteypAXhsDyJNV67PLz+EfjUuQF9t+P8ACgADOhGT06ePbuYKSg4ncuq2pRjHp3SodzRHJ6mdSJx+3CexU/MR2tpWghdF9UEaA6kcRftq7GETOBKissy/mUHzry17R91JuENKX7TFzZU2RI0srEudQdL60K+65cW32sGtX0Rum9Mc+bEjY/yAfdSrO+l8aQE4l42P5WN1/jUKymfJTTx6eDBmQpIJCbkHzX4ntowPE4BRgb+w1oR9EyObyTqBzAF6sm+lMDFgabKySkSDzEAD2DtNDaFD8GbNxoRz41HcRXpfTEjCDcsIPkDm5t31Wz++nkC/1G7AR3gVpPpjEw5oZszNVSkTBUUk7Rpckresh80FJB07iKLx+phQYhLaJrXUG2ovr9tReXXBfW0rZNF1Lqxmb9gCKJWsgUWO0dtZfO3rls5cgTHcr31VjoaOfIx9o8/Hs1oPKMU0exdxYaqTU0lPQ07GrV1KgSUFlv6bAZEFtDy3qP4VZHiy5C7YyZNjD0mGkiDsINtKEKTgBpEO1Tt9bUDwuONHHLy1xBIuwY4cKNo2tcDkw1151tJgQkx3SQwTZ/pFSQ6v6g2kcbgA0bj4PQ7AydR3tz2Y8jfa1qXfMRMgfLiMrE6yq21jbkeRo2DM6Tt/9pK3jIAPsFXXlquX/FVJfhw/a2HCP6cj4y5Mtv0RKn/M1W/N9ET4MXJkt+uVR/yg0KvUMBdY8BW//kct9wFEJ1Sb/wDH6djjwjZ/vNaRbddj9tq1+hP2/wDh82WDquEn9PpiOOW+R2P2Wqa9Wd9IOmYu48A0bsfvrkeb9QNYwY4j7NkAA+1aseP6pyF2ztIiHjcpGPwqXG8L/d3Meumf9vWiyDK+o2cpBgrASLgJjqBp/ODSf6pl6vfGh6nlEKwMiQnb5SPLfbGBajmwupgquT1SNoTp5sm7J4gGlXXsOFFhOLOubIAfUdQbWPIbtTUvjxxw/wCKbf8A2KSc/u9/2/Iuw86Ix/L4oZMYMr5ErfFKRwHcOwVSG6XA0kMkksbP5twRXVd2tl8wNLMYZCsN4KoOA4D3UR1SOF8xmxGBidUJBPBto3DXvqLXTivvn1KVWlyj0O9KUDHY8budfAAUdLKUjCKLaG/fegulkiGWEi7I27TsP/lRzwevEzB1jkhBY7zYMvYO+9INgHJXdDG3DzOLnwU0pnN3v3U1ll344QkeRye/zD/ClM/9Q0xMrNWDgPCoBdxC8Lm1zw1q+WP05GTcr7Tbchupt2GmhFfBT36V5BY2rtrkdmtdXjftNMAofhVZFWDh4VCpA7CvnLclBNdv5qmgtGTzNWYODl5+SuNhxGadrkIvYOJ1q0oQmw7Bk344BOqkj2cqadNw1ycyGGSRYPVNo2k0BYcqjg9NfoconzUTIV9ZY/iCKfKHX9RU8aYdQ6PnZv7kSgwuPUinBADBdQQf1AVH4E3yej8Gq7nHFfqjca5aZ+AqjEuZImG7yXBYfka+m1uRo/IaLq/S1y4B6UoOqNxjlUjyn2gUhxvqfJTCbFlU5ubGdi5BP7LJb8w4mudBzPQ6r81nz7I2B3Cx27rWU2W/DtrSta10hcfG5Fr2cNz4gczTHM6l8qEaM+SWT1ALpKwtp4Lc+NQ+qemdGk6aqZK7MttMMxjdKW776sDzrvR5Pmep5WXoyySuykfpA9NPfuNWZGLHn9enbcX+XCR2HLy3ZFPK9/MaqFKW1VOCdJ9XH8v8z5PkQyQStFKpSSM7WU8QRVJra/X+JhLkRSYwByIlCZYQDYo/6YNudYo1LBoiatx2ZCXHhVdr8OJo8RqqBRyH21nd4KqsnVlVri9jbhUC112nnVci2NxxqoySDvFZll5JXU8fzd/fTBDJPhxX/wCirbSosQvDW1CYuK0tppdE5L2+NNcLJbFy45lAYLo0Z4Mp0K28KG9h1q/1eBR6s2y3rC97cNa9Tj+2Y39y9Tevy27d6f5+N9m3j7a9QXjybuV5EjYxJ6koUlF4AnsvXz7JeaaeR5rmZmO8HjfnX0Pd2C9REabt2xQTxNhemnBk02fOkRr3tpzvRWDiZmRKYcWMtxY30TxYnQ+Fb0LzsPYK7t5Dh2UO4uJ8+yMabDlfHmt6qHz7dRc6/jWp6NOZcFATcqNvupD1/TquR4r/AMoo36cl3GTHvZjZlH31onhE+Rh1BbxspHLjzpTgTNjSkKNq34U+zIj6ZJuSB3fjWZcwJPdpAWvrtvYUxLU1MOXFKhNx31WzCdvJf0x8Rtx7hSiGdN18Z33aG+xmW/fpTSLKySAMhVQWsdSfspSBYxtax225cRVlgefKoLENWuWvwJqdmtyHLSiRg2MB/cJ4nBZHUXB4WIq7AvGGiY3aFyoJ42HAmhJGMXWIH/LKhX3H/GilYp1GVD/1FDL7AAftpAhpe9qixY8K5E42299D9Q6hBgQGaWxJ0SMfEx7B+NZtZg1nEk8rMgw8dp8h9qL72PYtYfqvVZ+ozb5DthX+lEDoo/E99cz+oZGfMZZzoPgQfCo7AKAYC9xV1rBFrSQaqmNvGrGFVOL0yQaRAxvzqkx0Uw91VsNKQyYmRYQF0cCx41QJpdw8x17K6V7ajY0BJrMcZr9KHTDPEIJAXZjuCkr5hxUHdS/qsDYfTMfHYgsZXYlTcHloaTLkZCW2yuLCwsToO6m7ss8WIkysUx1K6n+ox826/ZSScjbQHhyZfot6QDEtf0yobcANWAPH2VfBnZcTX+Uiv2tDerOoFBFAb+kwPllXgoI4WHhUcQ9TdgsGaFMh2qTKArHsbdwrSEtePvcfMmZ8+5SM4eqdXIHpYsS34GPGH4iio5fqrIO2J5Iz+kKsX2WFLxB9TRu2M07ArqYHmC3H+Tza+yuwYLZxZZeoxwTR8UnmO4fynnR9njqXt+4Pu839y4hXodbeUw5eSYXPHfMFH2NVU/TTAb5PUYHU8R6hkI91BSYmJHK0Obmr5fhlRGYN4GrMSfokZMeZLPLGOHpoBcf6jVpxvx/29UfUTTfl/wC66LnxugLYjMkmbiViiIYf7zrQ2bnYAZVgikCBbXa24sD5ieyipT0l42XDw2lRv6U8knnjPcqaUv63jdTx4sWfLRYo593pKosDsCqXtx8wtxpdis6/dyz/AFNL5IKNJ44z6Swno8uFP1CNZ4y0YIOxvzH2d9K8uN/mpy67WMjEra1tTWg+k+i5ks6Z+VH6WNF5o7ghpG5Wv+UVpOr9J6TlwyZWYpieNdzzxjz2HaOdYSlg0zbJ87wD6WSOQkBU+PKjJ3LArfQcapy0xIpgcSR5YwbhnUIdO4E0QbMLjgRf2mqEDLt+XyV2a2Rlbs2tY/8ANS6SNmbj76aYQDZYibUTK8bX7WU7f+K1EyfSfXbb/lmNxcAFSfcGptiRnmiZNTXeVPE+lOtya/LkAdpF/ZdqW5uDNhMYp0Mcg/K2ht20Jg/QFPDvOnvrw4iugX9lRPGq2JL0mXg2hqdr6dtCPwojHvqb6DhSWqGXufLYdlNekZ2ZgrDJjftuH9SMgC8rAlNpPG1ja1J3OlMse64BMsekTBgeB2k3IB9labiR9DK4HWemrnwAKpB9ZW1MUnBrjs7e6sXP1uaPEyOlwyH+3JL5FGrlvzRq36KrbKm6fkMIspkw8yy5HMGJvz2HZfjVPSpYB1LIWytHLHJFjycg9vKw7yBR6LRjmEvK0foyqPKz9DGscangrAsfbTtIp/7OnUpArM0/oCKIHcTa91DE38KzyZEa2Dklq1PT5Fk6V05ENwM2Ukf5gislNVThENv6/QDxepTYs4ycVtsiHzg3ANj8LrWj6TNNJ0vOzi/oZGQGcuupUyN+X3iqPqPpkC9NgyYFCdQZ0ihfk6hbnf2jSlPRurmLDl6ZMj+rNIgQW0SzbpA17dlKuPZYp4ev6cjmTo2Pj9HzGyRuBjYMTqxdhp5jxctavmLaG3OvqmTj53UOqehO/wD2WMyiKFdE4A3N/ibXwFfMuoRLBnZEK/DHK6jwDEUW8tyw29j+pTAAZ0vwvf3UxbaRprQWEu6a/YDRjqvZWNtSqlMgsL1QRVzjTU6dlVGkMYx5kDqo+FtAVqTvsZXU6cjS2JN7G3xjVB2kUdGFkALCzDiKzsoN+u06hXqyep69/P216uW8teqZLwfRK6B32Nc0tpXbC1WYEuweyuc+2uXB5iu8Bx1oAxn1Mmzqjnk6ofst+FCYOUcbJjmHAHzeFN/q2EiWCfkylSe8G/41nFblWtf0oy0bPoKGOaIMLMsgv7DWU61gnEnDDWOS5U2tw5Uf9PdUCj5SY2H/AE2PZ2U8y8SDOgMUq7hxBGhB7RVCajKMVj5MkLBkYi3K5Hsp7hZEOboXIkX8hOtJc/AlwsgxNcqdUe3EVZB0frJKTQwvGPiEjkItu0lyNKluNWHJbmnRAvlUeNV5eTHjQtKxG1Bc/gKrjXOGOfVSNsi1o1EqefvU7uFRwcWCSUv1CUSurWVQbxhweQ1DW7TSTT0yMB+eRoocmRQXDEQryBOm41eJZh1JDK+5W80Z57ToynwNW/KYuZFkyzzLjskn7LMbC/Lyga37hXnTARFDTNJkRqdhjS6Fv0hjY+OlYu6ieX3O2F/I7G6V7F1Oq/GqJXcT91lPL3MYvM0KSSKjSMilhGvFj3Vl5sPrfVJPmjjuyuxVWPlRbcvMdAO2tBjdRyghFwAty+gDqLW9QNx05VM4+blG0h3TKocSalXj5Rnlc86OzuVVNVycwcjVtJSXqZiXoHUolZnRAwF1XepLjtQKTuoDKxJ8WT0shNklg1rg6HXlWmy+mSRuwyZhGygMIl87Ip1Ki2lU5XTZ+pRImNsWLHJEbSfGysARuYDWtuvm+tXtXinp7HoYrtX5X1pqzSlxsZV78ApNVFG5m3dT6T6a6unCEOP8jKfxoOXpPUIv6mNKv+kn7qZqK2XkedVmPso18Zl+NSp7wR99QMQ5UBIE8Z9tVleVqPMdVmIDlRAARQnQDU8K0edjsBAQCdqgeG3QCgcDHEmXGjcDfUcvKda0MRQ4sbt+4CCrMf1KSLmk3BSUpiJpbxMFQSkfChG4WPHTuoaLDwZEUSPJDOxJ0UMjL/luQQw7KuzD8tmSJExQH4GB4E99TxerZSpJjzxRZMUnxb0VyCOYtY1onK/zgmP4/wBDyR4SoEGQ8sYvvSSLdttzXW+0+8VfjQ/TGQn/AHORkQZC/wDTVAfark/fVEefEBaXCgmb8kys8co/4he3fUpclZIAkvT41P5c+JGv4OL7ap84j74nfjEE/bOeP/tIdBP0eEtHNDL1CAaLvYROPHbuqEkEEkwl6ZgLIn/yHZpD+FDmLqMeJHJ8ihWPVc8ISGU8BIDy76Kg6r9TeoMSIfLTMu5I41SPetr3U+FDstGm9vu7I+gJbpr3Vn6k8PE+o45zJ0/FbCZ9CoisgB75K9nNkdNx5Hnmgm6i7KgQMJzGNSXRtdhvyqj10yYnmz+pTqy6GNXZ3JPYD5ftoXJ2SRvHjIzwxFSZ5Su86X02aW1qWq5Sa0/ap/8AZjU4mffC+RWvWeqK29cuYNzJcmi3+qOsyQGFpgVKlWOxdzA6am1KQBUttRxXgrlbyUtIviRxFGY8hMa940qWDD0NjK/U5ZlIsESBbknncnSqmnwhM64aSR4wPlEzBif9oFqPcCLcSNz1GAILsZECrwvcio5HzWJlSxM0kMsbsCm4grrpwNWY2VJH1HHlQmDY4PqpZmAJ1IU6Xo/r3TM/J6jLlwQST48gW0i+fgoBBtregMqRLl5/UpypfId9g2r5iCPcRQL/ADDnc+49rE3++i3RluCLMuhB0N++oZsKQGO06zM67nUKw2H9J3cfZQkgbb3YMbrzrg4k1wuxOmtcsw46U2xHnOlqKjG2MHm2vsoQKXcKOZtRz8gOCiwp18iZBzfTtrQM5OO4fW8UX4rekcALZMKjiXW3vpzkSrH6M5XfAybJlHG19SO9SL1S3DchFKmVjNBJ+3k48eoGgkRRbcv4irMHpZfpuPNfYXYyArYudraWBNB5+Ioh9ZHDqLmOQaXXx7e0VZidHbKji2kIWUEMxdRqO3UUSpG9F4GJw4I02DBGRz3yo26/ij0M0WQibViaGINuCjeFDcL631r0WPm4j7IZp43Gh2OGH27aawdU+pYY/TTIeSL9MsAf7g1WsaW+Ims/p+C/wCOkP1DNWGOdpJosdt0S7ozY22n4tjcKp+oYnxusrlQY7QIFQlnsd0lj57C47qW5c/Wkb52NlVgfOqwsqj/gtTWD6kl6lhTYmdhbpxEwWbH1JsLruTjx1pNN4w/YCha4ndz/ADCYupdQljRcfYJM13SeUBty6L8HEC4NYbrEKwdTyoV+GORlHsp50jquUuM6bFky43R41e9rHysbLxPCs1lFzkSl/jLtu8b60m/tQLf2l3T+LnuFEyGgsJrSEfqH3UW9Y21KRUx0qo1NzVV6QycTKkis3AHWjVu5DJqP1g/fS0mi+muNzpfzGxA7bUrrE+C+u0OPIx5Wr1c5V6sDc+iC+l+Fd1vx07K4OFTXdYgXt+a341qc54AnlY99c1520410a91d4ceFAxJ9TxF+nK9v6cgv7QRWMfThX0DrCo/TshXIA26XsBuBuup76wMgF+Na00gyvqTilZSGU2ddQRWp6P12GUCDKb05BorH4TWN8wa418KmHY/lYHwNNygTN5l5M7ZDY2MfKUD7ytwxBuoXd30DIJiSzOXlx7HIicEiUn8i0vwMvqqpHE8EkkTldpkVgF/16WFabFyMcJH6+L+4sm1djMTv7eNzWH920qtLsVZ42jT4rdmXVV/kl1dm+S5RMex7GYbaLsSVU6sRxj/ygUdjeum9Hj2DQggHYCRwB8K0UI6eZpkg+VjkUhjINrszn8p4m4q/qgdemPqW8oe7aee97DnfuqemroqtWV1Z7ePea8uTjjx9oiw+lS5ZkaJlR47XDniG5AfjVDRriO8aG5U7dL7QRyF++mHQ2f8AuZVrgMo1sSARqPfQalpupK042Bp90iyeS3muQb8KpdNF2WtEvVf6FcrOMmkgwoIjGY419baZHuC28W0FzXVV1s4Lenq88LEDbcVYWnlCBbpjzG26xVowvDlwagpxPI7OVWPLVv3dzeVol4XUHn31Hbb/AOdHVcVKhJRr/gZqqdnyfJ+ufaLM6FhlB4m9SSZQyqo1KHtJ14Ci8BYhB+3bbfUDW19dvs4UH1BXkljyIm2yzA+nABt2AaC/dRfTGD4xa23zm4tbXnpXTVz/AG3W409fGH/oZdSj+4v7PqF15QdSdK6bc+FdWszrIsqMLMA1+TAH76Gk6Z0+X+pjRMeZ2AfdRZB7R3Vwg8jrQELwJ876c6a0DmDFIlt5RE20+zedtKIfo+aTc0snyyfkRrO/+rYQBWvZ9i3sWPCwHGl8vUpY2MaYWTksP0r6UY/1yC59lUuUEtVQiy/p2PpkD5sOR6skSmyMoAJItxBpV0vPSPp2RJNoIG9QdpB7PbTDrE/XzC8s+P6WKzaJu32HLQE1mJDI0Um8kRFSDZdO0ezdTidWCslpoDZme2ZlGYRiJbghBwFqmIpMlmeOMkX1IGgoYCx0sbC51HtoyCfJtZI1IHPbY/8ADVJEk4FaP1MYD91tpsbctTxowS9QSMxxSEI3xKLBT7KpiYGUllUT21sPNb20TdzwuD22qo2eQ+XsKg/W2QRq3k1AU7bAHjxqpocuWJLOFaDcshBFxrewt+FEEZ1jse4/lsaqWTMjJJQP+oWvSheAl+SuDpsMwEk2Q8i8fKLj/cb/AHUVEoSH5UnyDQMOY5E0NG8Rdmx42RmPnCG6e0cqZYeBJkkESwRDtlmRPsLX+yjAjRYX0v0xMYCdRks3mEuq6HhazUl6vhdAxt8eM0rZI02qwKKe9mH3VqukYmTDhmPJmgkx7ExsH3DaeIva1qBbA+mFkLCXHvx0mBXXu3WrOcvJpGNM/AxuN9O9Qzzuxo22n87aL7zaqOpdAzsCVYclluw3KVNwRWlyn+pY5LReoYT/AEjjLuj2ctuwGlfUZeqSemOoiUEX9MzKVPfa4FUp9IJheciiDAZZFZ5DtBuQNT7rit10vq/RsXBjxxOyGMHdvQqSSbk+XcKx2o765c996HWQTg279d6A1/UdZN2jXiJv43Wleb0To3VwMnp80WPLIbCMgKGI/wAmhHsrNkm3dVUhZRdRubkOdLhGjHyT1Q0yPpLq0FtkAmB5xEH7Das9lBkkMTDa0ZIYd44ijTJ10obLliO2thIBalZ3sez7KancTjaS/FQDdIeWi/jU2PE15NIlA101I7agSaqRF2C+3Ohc/Cjbj4DjTuRo4C8E9xA7bo5hqFJ7bflPG9IsDTMi0uATu8LG9OJDJAgRh6+KReNh8Sqf0nmO6hPAIonXJxsaRIwsuHLqOaqf1Iw4eFc6fJ1FYhPjzyKYzsUX3KLctp0rjQq0MkmJK2yxLqpI8Qym1U9Px3mhdklePa3AEqL20I7TRORj4fU3XCoE8eLkMNN8kA3+21qmn1D1Bz54seLvWN6VSjqQT03kvb8xRSfeQpquAZyvcyrof+pGrCrq/Z7xNY0+C/yNNH1DquWjpjssp2ndEIdCP9ZFJYJmPUDBPG0Ui3BsLEd+uq0THl9aOkC4xNtCkKA/fVLZMkORI/UIWmzniACuuij8h4/fTlP+n3ChqNV/HuF0ZkxpfnIiV3TOrRkEhDxTd27hf3UsyHMk0jt8TMzGwtqTfhWkWDEP09IZpF+Zu7+Zhf1S3lA77cqzcpuQ3Bj8Q5g1D+uQ9fU9jOqTBnNl1uaMZ0Y+UgjupceBqsXv5ePdUNDTD5DrVdUh8gcifEV31ZuaX9hpQOSZNRV2WQMpsRwNRMjnilRDG97eyiADf7pNfZZb/qr1A7Tt33F7/Dzr1LjXwPnbyf/Z" class="float-other-side"/>
<p>شنت محافظة أسيوط حمله مكبرة لإزالة الإشغالات والمرافق قادها اللواء السيد البرعى محافظ أسيوط واللواء محمد إبراهيم مدير أمن المحافظة بمنطقة وسط مدينة أسيوط وشوارع الرياض وعزت جلال والحمراء وهى الحملة الأولى من نوعها التي يقودها المحافظ ومدير الأمن.</p>
<p>
وقال المحافظ إن الحملة تستهدف إعادة الأمن إلى الشارع مرة أخرى وبقوة وكذلك القضاء على الإشغالات التى تعوق المارة وتتعدى على حرم الطريق وتسبب اختناقات مرورية ومخلفات كبيرة من القمامة بالشوارع وهى ليست الحملة الوحيدة حاليا إنما هناك حملات فى 5 مراكز أخرى تستهدف إعادة الانضباط والنظافة الى الشارع الأسيوطى.</p>
<p>
وأسفرت الحملة عن تحرير 62 مخالفة مرورية متنوعة تحت إشراف العميد عادل زكى وأصدر المحافظ قرارا بإزالة جميع الإشغالات وإلغاء جميع تراخيص البروز الصادرة من مجلس مدينة أسيوط من أجل فتح الطريق أمام المارة وخلق سيولة مرورية بالمناطق المأهولة بالسكان وقام مدير الأمن على الفور برفع 82 حالة إشغال طريق لاحظ المحافظ أنها تعوق حركة السير.</p>', '', 1, '2012-08-27', '2012-08-28 22:35:31', 22, 'المجمل', 'http://www.mogmal.com/News.asp?ID=276062', 'أسيوط');
INSERT INTO post (id, title, title_en, content, content_en, published, post_date, created_at, promise_id, source_name, source_link, location) VALUES (68, 'إزالة 35 حالة تعد علي الطريق و12 شادرا في حملة بالإسكندرية', '', '<p>
شنت مديرية أمن الإسكندرية حملة لإزالة إشغالات الطرق وضبط البلطجية شاركت فيها الإدارات المختلفة وأشرف عليها اللواء خالد غرابة مساعد الوزير لأمن الإسكندرية وقادها العميد ناصر العبد مدير البحث الجنائي والعميد شريف عبدالحميد رئيس المباحث وشملت مناطق سيدي جابر وأسواق الزنانيري وشارع سينما لاجاتيه استخدمت فيها المعدات الثقيلة في رفع إشغالات الطريق والتعديات التي بلغت 12 شادرا خشبيا تحتوي علي بضائع تم إنشاؤها في الطريق العام وأشرف اللواء يوسف حسن حكمدار شرق علي إزالة 35 حالة إشغال طريق، كما تم رفع إشغالات الطريق بمحرم بك وتطهير المنطقة المحيطة بمستشفي الحميات من الباعة الجائلين وتيسير حركة المرور بمناطق بوالينو وإمبروزو.

</p>', '', 1, '2012-08-28', '2012-08-28 22:40:25', 22, 'الأهرام المسائي', 'http://digital.ahram.org.eg/articles.aspx?Serial=981092&eid=819', 'الأسكندرية');
INSERT INTO post (id, title, title_en, content, content_en, published, post_date, created_at, promise_id, source_name, source_link, location) VALUES (69, 'حملات إعادة الانضباط بالمحافظات تُزيل 941 حالة إشغال طريق  ', '', '<p>وفي القاهرة، شنت أجهزة الأمن حملة مكبرة لرفع الإشغالات بالطرق والشوارع الرئيسية، شملت مناطق الجمالية، وشوارع شبرا، وأحمد بدوى، وأحمد حلمى، وشارع 9 بالمعادى، شاركت فيها كل أجهزة مديرية أمن القاهرة بالتنسيق مع شرطة المرافق بإشراف اللواء إسماعيل عز الدين، مدير شرطة المرافق، وأسفرت عن رفع 100 إزالة و48 بائعا متجولا.</p>', '', 1, '2012-08-26', '2012-08-28 22:43:31', 22, 'المصري اليوم', 'http://www.almasryalyoum.com/node/1072286', 'جميع المحافظات');
INSERT INTO post (id, title, title_en, content, content_en, published, post_date, created_at, promise_id, source_name, source_link, location) VALUES (70, 'الداخلية: نقاط شرطة في نطاق المربعات السكنية لتحقيق الأمن  ', '', '<p>شدد وزير الداخلية على أهمية المرحلة الحالية وأولويات الوزارة بتلك المرحلة، وما تتطلبه من تكاتف الطاقات واستنفار الجهود من أجل إقرار الأمن والاستقرار للبلاد، كونهما الركيزة الأساسية لدفع عجلة الإنتاج .
</p>
<p>
عقد وزير الداخلية اللواء أحمد جمال الدين لقاءً موسعا، الثلاثاء 28 أغسطس مع  مساعدي أول ومساعدي الوزير ومديري أمن محافظات المنطقة المركزية القاهرة –الجيزة– القليوبية، ومديري إدارات قوات الأمن، ومأموري المراكز والأقسام ومديري إدارات البحث الجنائي ورؤساء المباحث الجنائية ومديري إدارات المرور والمرافق بالمديريات الثلاث.
</p>
<p>
وأوضح اللواء أحمد جمال الدين أن وزارة الداخلية باتت تواجه تحديات أخرى تعدّت مرحلة الجريمة الجنائية وهى الظواهر السلوكية السلبية التي ظهرت مؤخراً في الشارع المصري وأدت إلى سلبيات كثيرة أصبحت  تؤثر على صورة مصر الحضارية.
</p>', '', 1, '2012-08-28', '2012-08-28 23:04:21', 9, 'أخبار اليوم', 'http://www.akhbarelyom.org.eg/news62697_1.aspx', 'جميع المحافظات');
INSERT INTO post (id, title, title_en, content, content_en, published, post_date, created_at, promise_id, source_name, source_link, location) VALUES (71, 'مدير أمن القاهرة يكرم شرطيين ضبطا عاملا وخطيبته يروجان المواد المخدرة ', '', '<img src="http://productnews.link.net/general/news/27-08-2012/n/aa_2012827145321_s4.JPG" class="float-other-side" />
<p>
كافأ اللواء أسامة الصغير مساعد وزير الداخلية مدير أمن القاهرة، فردى شرطة تمكنا من ضبط عامل وخطيبته حال قيامهما بترويج المواد المخدرة فى أحد المراكز التجارية الشهيرة بوسط القاهرة، بعد أن حاولا الهرب من الشرطيين أثناء التحفظ عليهما</p>
<p>
وكان الطوف الأمنى المكون من كل من أمينى الشرطة أمين حسن إبراهيم، وأحمد  إبراهيم حامد من قوة قسم شرطة الأزبكية يتفقدان الحالة الأمنية بمحل خدمتهما
بشارع 26 يوليو بدائرة القسم، وأثناء ذلك تبلغ لهما من الأهالى بتواجد رجل وسيدة  أمام أحد المراكز التجارية الشهيرة يقومان بترويج المواد المخدرة على المارة
بالمنطقة، فتمكنا بمساعدة الأهالى من ضبطهما وتبين أنهما كل من هشام م.م (27 سنة - عامل) وضبط بحوزته 10 جرامات من مخدر الحشيش و675 جنيها ومطواه وهاتف محمول ودراجة بخارية، وخطيبته (23 سنة طالبة).</p>', '', 1, '2012-08-29', '2012-08-29 10:14:23', 1, 'مصراوي', 'http://www.masrawy.com/news/cases/general/2012/august/27/5300344.aspx', 'القاهرة');
INSERT INTO post (id, title, title_en, content, content_en, published, post_date, created_at, promise_id, source_name, source_link, location) VALUES (72, 'بالصور.. حملة أمنية لإزالة عشوائيات سوق "العاشر" وسط رفض الباعة الجائلين ', '', '<img src="http://gate.ahram.org.eg/Media/News/2012/8/29/2012-634818663241937044-193.jpg" class="float-other-side" />
<p>شنت أجهزة الأمن بالقاهرة حملة أمنية علي سوق موقف العاشر بمدينة نصر، لإزالة التعديات علي الشارع، والإشغالات التي تؤثر علي حركة السير، وقاد الحملة التي استمرت علي مدي 4 ساعات اللواء أسامة الصغير، مدير أمن القاهرة، بمشاركة قوات الأمن المركزي، وقيادات أمنية وشرطية من قسم مدينة نصر أول وثان.
</p>
<p>
وذكر مصدر أمني أن بعض الباعة الجائلين وأصحاب المحلاب رفضوا ترك أماكنهم، واشتبكوا مع الأمن الذي فرض سيطرة علي الموقف وأعاد الأمور إلي طبيعتها.
</p>', '', 1, '2012-08-29', '2012-08-29 20:14:39', 22, 'الأهرام', 'http://goo.gl/npvBO', 'القاهرة');
INSERT INTO post (id, title, title_en, content, content_en, published, post_date, created_at, promise_id, source_name, source_link, location) VALUES (73, 'برنامج صبايا الخير: غرفة التحكم المركزية بالأسكندرية ', '', '<p>صور حصرية لكاميرا صبايا الخير من داخل غرفة التحكم المركزية بالأسكندرية
</p>
<iframe width="420" height="315" src="http://www.youtube.com/embed/2bHxrSJIscs" frameborder="0" allowfullscreen></iframe>', '', 1, '2012-08-29', '2012-08-31 22:52:46', 10, 'قناة النهار', 'http://www.youtube.com/watch?v=2bHxrSJIscs&feature=plcp&fb_source=message', 'الأسكندرية');
INSERT INTO post (id, title, title_en, content, content_en, published, post_date, created_at, promise_id, source_name, source_link, location) VALUES (74, 'إغلاق محطة وقود حاول صاحبها بيع 50 طن سولار في السوق السوداء بمرسي علم', '', '<p>أصدر محمود عاصم، محافظ البحر الأحمر، اليوم الخميس، قرارًا بإغلاق نهائي لمحطة وقود بمنطقة برانيس جنوب مدينة مرسي علم لمحاولة صاحبها، بالاشتراك مع سائق سيارة نقل بيع 50 طن سولار من حصة المحطة في السوق السوداء لقرية سياحية بالمنطقة.
</p>
<p>
وقرر المحافظ أيضا إيقاف السيارة التي كانت محملة بالكمية وإيقاف رخصة سائقها لمدة 6 أشهر لاشتراكه في هذه المحاولة.
</p>', '', 1, '2012-08-30', '2012-08-31 23:00:04', 64, 'الأهرام', 'http://goo.gl/H71jo', 'البحر الأحمر');
INSERT INTO post (id, title, title_en, content, content_en, published, post_date, created_at, promise_id, source_name, source_link, location) VALUES (75, 'ضبط 600لتر سولار قبل بيعه بالسوق السوداء بالفيوم ', '', '<img src="http://productnews.link.net/general/News/25-03-2012/n/solar_L_2012325112119_s4.jpg" class="float-other-side" />
<p>تمكنت مباحث التموين بالفيوم من ضبط 600لتر سولار قبل بيعه بالسوق السوداء، واخطرت النيابة التي تولت التحقيقات.
كان اللواء سعد زغلول مدير أمن الفيوم، قد تلقى إخطاراً من العميد توفيق سعد رئيس مباحث التموين عن ضبط سيارة محملة بـ600لتر من السولار قبل بيعها بالسوق السوداء.</p>
<p>
وبمواجهة  المتهم ويُدعى هاني.س.ع 41سنة سائق ومقيم بالقليوبية، بما أسفر عنه الضبط، اعترف بقيامه بتجميع المواد البترولية المضبوطة لإعادة بيعها بالسوق السوداء، وتحرر عن ذلك محضر برقم 18339لسنة2012جنح مركز شرطة الفيوم، وجاري العرض على النيابة.
<p>', '', 1, '2012-08-26', '2012-08-31 23:03:43', 64, 'مصراوي', 'http://www.masrawy.com/news/cases/general/2012/august/26/5297630.aspx', 'الفيوم');
INSERT INTO post (id, title, title_en, content, content_en, published, post_date, created_at, promise_id, source_name, source_link, location) VALUES (76, 'ضبط 20 طن سولار وبنزين في محطة وقود غير مرخصة بالشرقية ', '', '<p>تمكنت مباحث التموين بالشرقية من ضبط 20 طن سولار وبنزين 80 لدى صاحب محطة وقود غير مرخصة.. تم تحرير المحضر وأُخطرت النيابة العامة للتحقيقات.</p>
<p>
تلقى اللواء محمد كمال جاد مدير أمن الشرقية،  إخطارًا من العميد كامل محمد علي، مدير إدارة التموين بالشرقية،  يُفيد ضبط المدعو محسن عبد السيد 43 سنة، صاحب محطة تموين سيارات بمركز ههيا بدون ترخيص، ضبط وبحوزته (10000 لتر بنزين 80) و(10000  لتر سولار ).
أمر مدير الأمن بالتحفظ على المواد البترولية، وتحرر المحضر رقم 13641 لسنة 2012 جنح ههيا بالواقعة، وتُباشر النيابة التحقيق.</p>', '', 1, '2012-08-28', '2012-08-31 23:08:08', 64, 'مصراوي', 'http://www.masrawy.com/news/cases/general/2012/august/28/5301772.aspx', 'الشرقية');
INSERT INTO post (id, title, title_en, content, content_en, published, post_date, created_at, promise_id, source_name, source_link, location) VALUES (77, 'مدير أمن الفيوم يكرم شرطى مرور كفء', '', '<img src="http://dostor.org/images/stories/hlnkh,-vgfhjudcrgf-cfrh-cfjnh.jpg" class="float-other-side" />
<p>قرر اللواء /سعد زغلول مدير أمن الفيوم أثناء تفقد الحالة المرورية بدائرة وسط مدينة الفيوم قبل موعد الإفطار لاحظ نشاط شرطى المرور  المساعد محمد سيد قطب  وقيامه بأداء عمله فى تنظيم المرور وقت الزروه وضبط المخالفات المرورية الامر الذى تحقق معه السيولة المرورية فقرر مكافاته ماليًا نظير جديته فى أداء عمله.</p>', '', 1, '2012-09-18', '2012-09-02 09:00:09', 37, 'الدستور', 'http://goo.gl/PhnCN', 'الفيوم');
INSERT INTO post (id, title, title_en, content, content_en, published, post_date, created_at, promise_id, source_name, source_link, location) VALUES (78, 'مدير أمن الفيوم يُكرم مجند تصدى لمحاولة تهريب متهم من السجن', '', '<img src="http://productnews.link.net/general/news/11-08-2012/n/tn_201281123228_s4.jpg" class="float-other-side" />
<p>سلم اللواء سعد زغلول، مدير أمن الفيوم، المجند محمود رجب ربيع، 21 سنة، من قوة تأمين مركز إبشواي، كأس الشجاعة، ومبلغًا ماليًّا 1500 جنيه؛ تكريما له على شجاعته في التصدي ومنع أقارب أحد المتهمين المضبوطين بمعرفة مباحث المديرية وبحوزته بندقية آليه وعدد من الطلقات النارية من دخول مركز الشرطة وتهريب المتهم.
</p>
<p>
كان مدير الأمن قد سلم المجند كأس الشجاعة نيابة عن وزير الداخلية الذي أنابه في ذلك، بعد أن تمكن المجند من منع دخول أقارب أحد المتهمين في المحضر رقم 2240/2012 إداري مركز إبشواي، إلى المركز وتهريب المتهم.</p>', '', 1, '2012-09-11', '2012-09-02 09:03:12', 1, 'الوطن', 'http://www.elwatannews.com/news/details/36930', 'الفيوم');
INSERT INTO post (id, title, title_en, content, content_en, published, post_date, created_at, promise_id, source_name, source_link, location) VALUES (79, ' الرئيس يدعم الداخلية بسيارات وطائرات مروحية لتنفيذ مهامها', '', '<p>كد الدكتور ياسر على، المتحدث الرسمى باسم رئاسة الجمهورية، على دعم الرئيس محمد مرسى، لكل طلبات وزارة الداخلية للحصول على سيارات مجهزة، أو حتى على طائرات مروحية لتنظيم المرور والعمل الأمنى.
</p>
<p>
وشدد على عبر الصفحة الرسمية له على موقع التواصل الاجتماعى "فيس بوك"، على أن مرسى يدعم توفير كل الأدوات الحديثة والتكنولوجيا المتقدمة لدعم المنظومة الأمنية فى مجال المرور أو مكافحة الجريمة، لافتاً إلى أن أحد الاتفاقات التى وقعت فى الصين كانت بشأن استيراد مجموعة سيارات مجهزة للشرطة، لتساعدها على القيام بمهامها.</p>', '', 1, '2012-09-02', '2012-09-02 13:52:04', 16, ' اليوم السابع', 'http://www1.youm7.com/News.asp?NewsID=772881&SecID=65&IssueID=168', 'جميع المحافظات');
INSERT INTO post (id, title, title_en, content, content_en, published, post_date, created_at, promise_id, source_name, source_link, location) VALUES (80, ' الرئيس يدعم الداخلية بسيارات وطائرات مروحية لتنفيذ مهامها', '', '<p>كد الدكتور ياسر على، المتحدث الرسمى باسم رئاسة الجمهورية، على دعم الرئيس محمد مرسى، لكل طلبات وزارة الداخلية للحصول على سيارات مجهزة، أو حتى على طائرات مروحية لتنظيم المرور والعمل الأمنى.
</p>
<p>
وشدد على عبر الصفحة الرسمية له على موقع التواصل الاجتماعى "فيس بوك"، على أن مرسى يدعم توفير كل الأدوات الحديثة والتكنولوجيا المتقدمة لدعم المنظومة الأمنية فى مجال المرور أو مكافحة الجريمة، لافتاً إلى أن أحد الاتفاقات التى وقعت فى الصين كانت بشأن استيراد مجموعة سيارات مجهزة للشرطة، لتساعدها على القيام بمهامها.</p>', '', 1, '2012-09-02', '2012-09-02 13:52:49', 11, ' اليوم السابع', 'http://www1.youm7.com/News.asp?NewsID=772881&SecID=65&IssueID=168', 'جميع المحافظات');
INSERT INTO post (id, title, title_en, content, content_en, published, post_date, created_at, promise_id, source_name, source_link, location) VALUES (81, 'حملة ضبط البلطجية اليوم بالمجاورة ال49 ', '', '<img src="https://fbcdn-sphotos-g-a.akamaihd.net/hphotos-ak-snc6/s720x720/253028_495188383825109_472250373_n.jpg" class="float-other-side" />', '<p>
قامت اليوم مديرية أمن الشرقية بحمله مكبره بمدينة العاشر من رمضان برئاسة السيد اللواء / محمد كمال جلال “مدير أمن الشرقية ” وضمت الحمله قيادات مديرية أمن الشرقيه ومساعدى الفرق وضباط إدارات المرور والمرافق وقوات أمن الشرقية تمت خلالها إزالة جميع الإشغالات والتعديات على الطرق والحدائق العامه وقد لاقت الحمله إستحسان أهالى مدينة العاشر من رمضان ولاقت الحمله ترحاب الأهالى وأشادوا بدور رجال الشرطه ووزارة الداخلية .
</p>', 1, '2012-09-02', '2012-09-02 23:43:35', 5, 'صفحة العاشر من رمضان', 'https://www.facebook.com/media/set/?set=a.495186350491979.115304.147187381958546&type=1', 'القليوبية');
INSERT INTO post (id, title, title_en, content, content_en, published, post_date, created_at, promise_id, source_name, source_link, location) VALUES (82, 'الرئيسان مرسى وتاو يشهدان توقيع 7 اتفاقيات بين مصر والصين', '', '<p>
بينما وقع على الاتفاقية الثانية أشرف العربى وزير التخطيط والتعاون الدولى ونائب وزير التجارة الصينى، ونصت على التعاون المشترك، وتقديم الصين للسيارات الخاصة بالشرطة المصرية.
</p>', '', 1, '2012-08-28', '2012-09-05 00:39:53', 16, 'اليوم السابع', 'http://www2.youm7.com/News.asp?NewsID=768596', 'غير محدد');
INSERT INTO post (id, title, title_en, content, content_en, published, post_date, created_at, promise_id, source_name, source_link, location) VALUES (83, 'محافظ مطروح يمنح عمال النظافة مكافأة 3 ألاف جنيه  ', '', '<img src="http://www.akhbarelyom.org.eg/UploadImages/Images/2012/08/31/sd20120831026.jpg" class="float-other-side" />
<p>
رر محافظ مطروح اللواء طه السيد صرف مكافأة 3 ألاف جنيه لعمال النظافة بمدينة مرسي مطروح لجهودهم المتواصلة في إزالة القمامة والحفاظ على المظهر الحضاري للمدينة.

جاء ذلك خلال الجولة المفاجئة التي قام بها المحافظ لتفقد أعمال النظافة الفورية، وإزالة المخلفات، والقمامة بمناطق عزبة السلام، وعلم الروم، والطبية بمدينة مرسي مطروح.
</p>', '', 1, '2012-08-31', '2012-09-05 00:45:35', 52, 'أخبار اليوم', 'http://www.akhbarelyom.org.eg/news63438_33.aspx', 'مطروح');
INSERT INTO post (id, title, title_en, content, content_en, published, post_date, created_at, promise_id, source_name, source_link, location) VALUES (84, 'مدير أمن الفيوم يكرم شرطى مرور كفء', '', '<img src="http://dostor.org/images/stories/hlnkh,-vgfhjudcrgf-cfrh-cfjnh.jpg" class="float-other-side" />
<p>
رر اللواء /سعد زغلول مدير أمن الفيوم أثناء تفقد الحالة المرورية بدائرة وسط مدينة الفيوم قبل موعد الإفطار لاحظ نشاط شرطى المرور  المساعد محمد سيد قطب  وقيامه بأداء عمله فى تنظيم المرور وقت الزروه وضبط المخالفات المرورية الامر الذى تحقق معه السيولة المرورية فقرر مكافاته ماليًا نظير جديته فى أداء عمله.
</p>', '', 1, '2012-08-16', '2012-09-05 00:54:37', 1, 'الدستور', 'http://dostor.org/محافظات/45621-مدير-أمن-الفيوم-يكرم-شرطى-مرور-كفء', 'الفيوم');
INSERT INTO post (id, title, title_en, content, content_en, published, post_date, created_at, promise_id, source_name, source_link, location) VALUES (85, 'الصور.. إزالة الإشغالات والباعة الجائلين من الوراق والمنيب', '', '<img src="http://gate.ahram.org.eg/Media/News/2012/8/31/2012-634819976315896144-589.jpg" class="float-other-side"/>
<p>
ستمرت الحملات الأمنية على شارع مستشفي الصدر والبحر الأعظم والوراق ومنطقة المنيب التى قامت بها مديريةأمن الجيزة أمس، وأشرف عليها اللواء أحمد سالم الناغى، مدير الأمن، وذلك لرفع جميع الإشغالات وإخراج الباعة الجائلين من المنطقة وفتح الشوارع المغلقة بالإشغالات مرة أخرى أمام حركة المشاة والسيارات.

وتمكنت الحملات من رفع 600 إزالة و500 بائع و120 شادر لحوم مخالف وتحرير 400 محضر إشغال طريق و 200 محضر بيئة و 300 محضر نظافة و75 حجز سيارة ميكروباص بدون ترخيص وضبط 100 دراجة بخارية بدون ترخيص وتحرير 50 مخالفات سير عكس الاتجاه و 50 حجز "توك توك" بدون لوحات.
</p>', '', 1, '2012-08-31', '2012-09-05 01:03:15', 22, 'الأهرام', 'http://gate.ahram.org.eg/News/245796.aspx', 'القاهرة والجيزة');
INSERT INTO post (id, title, title_en, content, content_en, published, post_date, created_at, promise_id, source_name, source_link, location) VALUES (86, 'رصد| المنوفية| ازاله القمامة ومخلفات المبانى بالمنوفية ', '', '<img src="https://fbcdn-sphotos-f-a.akamaihd.net/hphotos-ak-snc7/582605_398427126901069_1762949752_n.jpg" class="float-other-side"/>
<p>
نفيذا لخطة ال 100 يوم وبالتعاون مع حزب الحرية والعدالة، حي غرب شبين الكوم ينظم حملة لإزالة القمامة ومخلفات المبانى من أمام مجمع مواقف (شبين الكوم - الشهداء).
</p>', '', 1, '2012-08-30', '2012-09-05 01:03:15', 58, 'رصد ', 'https://www.facebook.com/media/set/?set=a.398426896901092.82302.103622369714881&type=1', 'المنوفية');
INSERT INTO post (id, title, title_en, content, content_en, published, post_date, created_at, promise_id, source_name, source_link, location) VALUES (87, 'رصد| #الجيزة| حملة لازالة الاشغالات واعادة الانضباط البدرشين ', '', '<img src="https://fbcdn-sphotos-b-a.akamaihd.net/hphotos-ak-snc7/399765_398433426900439_1338395903_n.jpg" class="float-other-side"/>

<p>
#رصد| #الجيزة| حملة لازالة الاشغالات واعادة الانضباط بمدينة البدرشين برئاسة رئيس مجلس مدينة البدرشين لواء /احمد عبد الرحيم ومن الداخلية لواء/ خليل حرب والعميد / علي ابو السعود وقوات مركز شرطة البدرشين ومشاركة اللجان الشعبية

</p>', '', 1, '2012-08-30', '2012-09-05 01:05:54', 22, 'رصد', 'https://www.facebook.com/photo.php?fbid=398433426900439&set=a.280183138725469.58204.103622369714881&type=1', 'الجيزة');
INSERT INTO post (id, title, title_en, content, content_en, published, post_date, created_at, promise_id, source_name, source_link, location) VALUES (88, 'حملة أمنية واسعة لإزالة الإشغالات وإعادة الإنضباط المروري لمدينة أبو كبير ', '', '<img src="https://fbcdn-photos-a.akamaihd.net/hphotos-ak-ash4/402879_398561403554308_851464809_a.jpg" class="float-other-side"/>
<p>

شنت اليوم حملة أمنية كبيرة بمدينة أبو كبير بمحافظة الشرقية لإزالة كافة الإشغالات بالشوارع الرئيسية وضبط كل ما يخل بالأمن العام ولأحكام السيطرة الأمنية بالمدينة، وإعادة الانضباط المرورى.
</p>', '', 1, '2012-08-30', '2012-09-05 01:12:12', 22, 'رصد', 'https://www.facebook.com/media/set/?set=a.398561170220998.82343.103622369714881&type=1', 'الشرقية');
INSERT INTO post (id, title, title_en, content, content_en, published, post_date, created_at, promise_id, source_name, source_link, location) VALUES (89, 'حملة مكبرة لإزالة إشغالات السوق السياحي بأسوان', '', '<img src="http://productnews.link.net/general/news/29-08-2012/n/hamla_201282902530.jpg" class="float-other-side"/>
<p>
فذت محافظة أسوان بالتعاون مع مديرية أمن أسوان ظهر اليوم الثلاثاء حملة مكبرة لإزالة الإشغالات والباعة الجائلين  بشارع الشواربي والسوق السياحي بمدينة أسوان.
واستهدفت الحملة التي جاءت بالتنسيق بين المحليات وقوات الشرطة ، إزالة 1000 حالة إشغالات علي الطريق العام والأرصفة من أجل فتح هذه الشوارع أمام الحركة المرورية وخاصة مرور المشاة ، مع إعادة الشكل الجمالي والحضاري لهذه المنطقة السياحية الهامة والتي تعتبر من ضمن البرنامج السياحي للأفواج السياحية المتدفقة علي أسوان.
</p>', '', 1, '2012-08-29', '2012-09-05 01:12:12', 22, 'أخبارك', 'http://www.akhbarak.net/articles/9328839-بالصور_حملة_مكبرة_لإزالة_إشغالات_السوق_', 'أسوان');
INSERT INTO post (id, title, title_en, content, content_en, published, post_date, created_at, promise_id, source_name, source_link, location) VALUES (90, 'ضبط 3 أطنان سولار وبنزين قبل بيعهما بالسوق السوداء في سوهاج', '', '<img src="http://productnews.link.net/general/News/07-03-2012/n/solar2_L_201237145951_s4.jpg"/>


<p>

أسفرت الجهود الأمنية بمديرية أمن سوهاج، من القبض على سائق ونجله على الطريق الصحراوي الغربي وبحوزته كمية كبيرة من المواد البترولية قبل تهريبها لمحافظة قنا لبيعها في السوق السوداء بمحافظة.
كان اللواء عبدالعزيز النحاس، مدير أمن سوهاج قد تلقى بلاغاً من غرفة العمليات بتمكن الملازم أول ''''نصر الدين عطية عبدالقادر'''' من قوة  مركز شرطة طما والمعين خدمة علي الطريق الصحراوي الغربي، طريق القاهرة –أسوان، من ضبط السيارة رقم 22390 نقل قنا، قيادة (محمود.م.م) 35 عاماً سائق وبصحبته نجله حمادة 36 عاماً، عامل، ويقيمان بناحية أبو شوشة بمحافظة قنا، وبحوزتهم كمية كبيرة من المواد البترولية بلغت  2580 لتر سولار و1380 لتر بنزين.
</p>', '', 1, '2012-08-26', '2012-09-05 01:23:00', 64, 'مصراوي', 'http://www.masrawy.com/news/cases/general/2012/august/26/5297606.aspx', 'سوهاج');
INSERT INTO post (id, title, title_en, content, content_en, published, post_date, created_at, promise_id, source_name, source_link, location) VALUES (91, ' مترو الأنفاق يواصل حربه ضد الباعة الجائلين والمتسولين بإزالة كافة الإشغالات', '', '<img src="http://www.shorouknews.com/uploadedimages/Sections/Egypt/original/sellers-metro.jpg" class="float-other-side"/>
<p>
رأس اللواء وجيه الصادق مساعد وزير الداخلية لشرطة النقل والمواصلات، حملة أمنية مكبرة، اليوم الاثنين، بالخط الأول لمترو الأنفاق، بالتعاون مع  علي حسين رئيس الشركة المصرية لإدارة وتشغيل المترو؛ لإزالة كافة الإشغالات بالمحطات ومطاردة الباعة الجائلين والمتسولين والمخالفين لقواعد مترو الأنفاق من ركوب الرجال العربات المخصصة للسيدات، وتزويغ بعض الركاب من ثمن التذكرة والحمولة الزائدة.
</p>', '', 1, '2012-09-03', '2012-09-08 07:48:04', 18, 'الشروق ', 'http://www.shorouknews.com/news/view.aspx?cdate=03092012&id=32aba49e-a2ab-4222-a835-59db8e23b1e1', 'القاهرة');
INSERT INTO post (id, title, title_en, content, content_en, published, post_date, created_at, promise_id, source_name, source_link, location) VALUES (92, ' وزير الداخلية يشارك القوات بأكبر حملة أمنية للقضاء على البؤر الإجرامية ب ـ " بحيرة المنزلة', '', '<img src="https://fbcdn-sphotos-c-a.akamaihd.net/hphotos-ak-snc6/262306_401708649906250_517429196_n.jpg" class="float-other-side"/>
<p>
قام وزير الداخلية اللواء " أحمد جمال  " صباح اليوم الجمعة الموافق 7 الجارى وفى تحرك يؤكد مدى حرص الوزارة على القضاء على كافة البؤر الإجرامية ، بتفقد سير حملة من أكبر حملات وزارة الداخلية لتطهير المسطح المائى لبحيرة المنزلة ..

و قد أوضح وزير الداخلية إن الحملة إستهدفت تطهير المسطح المائى لبحيرة المنزلة من بؤر الإجرام التى إنتشرت خلال الفترات الأخيرة ، و شكلت خطورة على الأمن العام وعلى سلامة المواطنين ، مشيراً إلى أن الحملة شارك فيها قطاع مصلحة الأمن العام ، و قوات الأمن المركزى ، و مديريات أمن " بورسعيد ، و الدقهلية و دمياط " ..

و أشار وزير الداخلية إلى أن الحملة الأمنية بدأت فى سرية بالغة منذ فجر الأربعاء الماضى و شهدت مواجهات دامية و حاسمة بين القوات و عناصر إجرامية شديدة الخطورة إتخذت من البحيرة مأوى لها ، إستغلالاً للطبيعة الجغرافية الوعرة التى تتميز بها معظم مناطق البحيرة المليئة بالهيش و الأحراش الكثيفة ..

و أضاف وزير الداخلية أن الحملة أسفرت حتى أمس الخميس عن ضبط 31 متهماً بحوزتهم مدفع جرينوف ، و 612 طلقة جرينوف ، و 30 قطعة سلاح شملت 14 بندقية آلية ، و 14 فرد ، و بندقية خرطوش و مسدس ، مشيراً إلى أن من بين الثلاثين متهماً المضبوطين متهمين هاربين من السجون خلال أحداث ثورة 25 يناير و آخرين هاربين من تنفيذ أحكام فى قضايا قتل و شروع فى قتل و مخدرات ، و كذلك عناصر إجرامية نشطة و مسجلين جنائيين فرض سيطرة ، فضلاً عن 20 كيلو جراماً من نبات البانجو المخدر
</p>', '', 1, '2012-09-07', '2012-09-08 07:27:58', 5, 'رصد', 'https://www.facebook.com/photo.php?fbid=401708649906250&set=a.280183138725469.58204.103622369714881&type=1&theater', 'الدقهلية');
INSERT INTO post (id, title, title_en, content, content_en, published, post_date, created_at, promise_id, source_name, source_link, location) VALUES (93, ' حملة لإزالة الإشغالات بالفيوم ونقل الباعة للأسواق المجمعة ', '', '<img src="http://productnews.link.net/general/news/09-09-2012/n/1_20129913293.jpg" class="float-other-side"/>
<p>

قام المهندس أحمد على أحمد، محافظ الفيوم، السبت، علي رأس حمله مكبرة بمدينة الفيوم قام خلالها بإزالة المخالفات والتعديات بمنطقة شارع المدارس والباردويه يرافقه رئيس مدينة الفيوم ورئيس شرطة المرافق ورئيس حى غرب والأجهزة المعاونة.
 <br/>
كما شملت الحملة إزالة الأكشاك ونقل الباعة الجائلين وأكوام القمامة بالشوارع المحيطة وكلف وكيل وزاره التربية والتعليم بدهان أسوار المدارس وإحالة مدير مدرسة الباسل  للتحقيق لسوء حال المدرسة، وقرر رصف الطريق أمام مدرسة الباسل الإعدادية وعمل أرصفة أمام مدرسة الثانوية الصناعية بنين والتوفيق الإعدادية.
</p>', '', 1, '2012-09-09', '2012-09-09 12:24:21', 22, 'مصراوي', 'http://www.masrawy.com/news/Egypt/Politics/2012/September/9/5337116.aspx', 'الفيوم');
INSERT INTO post (id, title, title_en, content, content_en, published, post_date, created_at, promise_id, source_name, source_link, location) VALUES (94, '‎" الحرية والعدالة " بالعبور يعمل على حل مشكلة الخبز بفصل الانتاج عن التوزيع', '', '<img src="https://fbcdn-sphotos-f-a.akamaihd.net/hphotos-ak-ash4/s480x480/418627_400447840032331_2050933703_n.jpg" class="float-other-side">
<p>
بدأ تنفيذ المرحلة الأولى من المشروع فى "محلية 6" بالحي الأول بالمدينة ليتم تعميمه بعد ذلك فى كل أنحاء المدينة, ويقوم المواطنون باستخراج كوبونات تسمح لهم بأخذ حصتهم اليومية من الخبز من أكشاك توزيع الخبز والتخلص من طوابير الخبز الطويلة.

وبلغ عدد المشتركين بالكوبونات حتى اليوم الثالث للمشروع 650 أسرة.
</p>', '', 1, '2012-09-04', '2012-09-10 05:57:26', 40, 'رصد', 'https://www.facebook.com/RNN.NEWS/posts/400447853365663', 'القليوبية');
INSERT INTO post (id, title, title_en, content, content_en, published, post_date, created_at, promise_id, source_name, source_link, location) VALUES (95, ' ضبط 2000 لتر بنزين قبل بيعها بالسوق السوداء في المنيا ', '', '
<p>تمكنت الأجهزة الأمنية بالمنيا، بالتعاون مع مباحث التموين بمركز مغاغة، من ضبط 2000 لتر بنزين  80 بحوزة سائق قبل ترويجها بالسوق السوداء.</p>', '', 1, '2012-09-10', '2012-09-11 11:21:53', 64, 'مصراوي', 'http://www.masrawy.com/news/cases/general/2012/september/10/5340814.aspx', 'المنيا');
INSERT INTO post (id, title, title_en, content, content_en, published, post_date, created_at, promise_id, source_name, source_link, location) VALUES (96, ' ضبط 15 طن سولار وبنزين قبل بيعها في السوق السوداء بالأقصر', '', '<img src="http://www.almasryalyoum.com//sites/default/files/imagecache/highslide_zoom/photo/2012/01/17/228/3709.jpg" class="float-other-side"/>


<p>
تمكن ضباط إدارة شرطة التموين والتجارة الداخلية بمحافظة الأقصر، بالتعاون مع مديرية التموين، من ضبط نحو 15 طن سولار وبنزين بمدينة «أرمنت»، قبل بيعها في السوق السوداء.

وكانت مباحث التموين بالأقصر قد شنت حملات مكثفة على تجار السوق السوداء، وتمكنت من ضبط «النجار. أ. ع»، 36 عامًا، عامل، ومقيم بقرية المحاميد قبلي بمدينة أرمنت، وبحوزته 10 أطنان بنزين وسولار تمت تعبئتها داخل براميل وجراكن كبيرة الحجم.
</p>', '', 1, '2012-09-05', '2012-09-11 11:21:53', 64, 'المصري اليوم', 'http://www.almasryalyoum.com/node/1094696', 'الأقصر');
INSERT INTO post (id, title, title_en, content, content_en, published, post_date, created_at, promise_id, source_name, source_link, location) VALUES (97, ' إحباط محاولة تهريب 4 آلاف لتر سولار مدعمة في البحيرة', '', '<img src="http://www.almasryalyoum.com//sites/default/files/imagecache/highslide_zoom/photo/2012/05/22/115366/albaz91641.jpg" class="float-other-side">

<p>


تمكنت مباحث التموين بمحافظة البحيرة، الجمعة، خلال حملاتها التموينية المكثفة بمراكز المحافظة ومدنها من ضبط 4 آلاف لتر سولار وبنزين مدعم قبل بيعها بالسوق السوداء، وتحرر محضر بالواقعة، وأخطرت النيابة للتحقيق.
</p>', '', 1, '2012-08-10', '2012-09-11 11:26:38', 64, 'المصري اليوم', 'http://www.almasryalyoum.com/node/1042746', 'البحيرة');
INSERT INTO post (id, title, title_en, content, content_en, published, post_date, created_at, promise_id, source_name, source_link, location) VALUES (98, ' إحباط تهريب 54 ألف لتر بنزين إلى الخارج', '', '<img src="http://www.almasryalyoum.com//sites/default/files/imagecache/highslide_zoom/photo/2012/03/30/4886/5008.jpg" class="float-other-side">

<p>


واصلت شرطة التموين حملاتها على المحافظات، وأحبطت محاولة تهريب 54 ألف لتر بنزين إلى خارج البلاد، كما ضبطت 1800 لتر سولار لإعادة بيعها بالسوق السوداء. تم تحرير محاضر بالوقائع وأحالها اللواء أحمد الموافى، مدير شرطة التموين، إلى النيابة التى تولت التحقيق.
</p>', '', 1, '2012-09-05', '2012-09-11 11:26:38', 64, 'المصري اليوم', 'http://www.almasryalyoum.com/node/828776', 'جميع المحافظات');
INSERT INTO post (id, title, title_en, content, content_en, published, post_date, created_at, promise_id, source_name, source_link, location) VALUES (99, 'إحباط تهريب 19 ألف لتر بنزين وسولار قبل بيعها بالبحيرة', '', '

<img src="http://img.youm7.com/images/NewsPics/large/S320127153135.jpg" class="float-other-side">

<p>
جح رجال مباحث التموين فى إحباط تهريب 19 ألف لتر بنزين وسولار قبل بيعها بالسوق السوداء فى البحيرة، وقد تمكن رجال المباحث برئاسة العميد مصطفى قاسم وتحت إشراف اللواء ممدوح حسن مساعد الوزير مدير أمن البحيرة، فى ضبط كل من "ياسر.إ.ب" (45 سنة - صاحب طلمبة رصيف لتمويل السيارات بدون ترخيص) كائنة بقرية عمر شاهين دائرة مركز بدر لقيامه بتجميع كمية وقدرها 5000 لتر سولار، 2000 لتر بنزين لبيعه بالسوق السوداء، تحرر المحضر 7227/2012 جنح مركز شرطة بدر.

</p>', '', 1, '2012-08-31', '2012-09-11 11:33:39', 64, 'اليوم السابع', 'http://youm7.com/news.asp?NewsID=771340&SecID=203', 'البحيرة');
INSERT INTO post (id, title, title_en, content, content_en, published, post_date, created_at, promise_id, source_name, source_link, location) VALUES (100, 'ضبط 7960 لتر سولار وبنزين قبل تهريبها بسيناء', '', '
<img src="http://img.youm7.com/images/NewsPics/large/smal5201219135316.jpg" class="float-other-side">

<p>
ضبطت الأجهزة الأمنية بشمال سيناء، مساء أمس، 5 سيارات كانت تقل 7 آلاف و960 لتراً من السولار والبنزين قبل تهريبها إلى قطاع غزة عبر الأنفاق الحدودية.

وأعلن مصدر أمنى أنه تم ضبط السيارات من خلال الأكمنة والحملات الأمنية لضبط السلع المدعمة، حيث كانت فى طريقها للتهريب إلى قطاع غزة. وتم تحرير محضر بكل سيارة على حدة، وإحالة السائقين إلى الجهات المعنية لمباشرة التحقيقات معهم.
</p>', '', 1, '2012-08-29', '2012-09-11 11:33:39', 64, 'اليوم السابع', 'http://youm7.com/news.asp?NewsID=769495&SecID=203', 'سيناء');
INSERT INTO post (id, title, title_en, content, content_en, published, post_date, created_at, promise_id, source_name, source_link, location) VALUES (101, '"التموين" تحبط تهريب 145 ألف لتر سولار وبنزين إلى السوق السوداء', '', '

<img src="http://img.youm7.com/images/NewsPics/large/s820121815223.jpg" class="float-other-side">

<p>تمكنت الإدارة العامة لمباحث التموين من ضبط كميات كبيرة من المواد البترولية قبل تهريبها للسوق السوداء، حيث تم ضبط 82 ألف لتر سولار لدى إحدى السيارات المحملة بالمواد البترولية، وذلك خلال قيام السائق ببيع السولار بأسعار مرتفعة، بعد امتناعه عن التوريد لمحطات الوقود، إضافة إلى التحفظ على 63 ألف لتر بنزين "80" لدى إحدى محطات الوقود بمنطقة الأزبكية، بعد قيام المسئولين عن المحطة بالبيع بأسعار مرتفعة للمواطنين، وأنه تم التحفظ على الكميات، وتحرير محاضر للمخالفين لعرضها على النيابة.

</p>', '', 1, '2012-09-01', '2012-09-11 11:35:41', 64, 'اليوم السابع', 'http://youm7.com/news.asp?NewsID=772120&SecID=203', 'جميع المحافظات');
INSERT INTO post (id, title, title_en, content, content_en, published, post_date, created_at, promise_id, source_name, source_link, location) VALUES (104, 'ضبط 22 ألف لتر سولار وبنزين قبل تهريبها بالشرقية', '', '

<img src="http://img.youm7.com/images/NewsPics/large/smal520111913349.jpg" class="float-other-side">

<p>شنت مديرية التجارة الداخلية بالشرقية حملة مكبرة، خلال الأسبوع الماضى، على محطات تموين السيارات، لضبط الأسواق والتصدى لتجار السوق السوداء، وأسفرت تلك الحملة عن ضبط كميات كبيرة من المواد البترولية قبل تهريبها بالسوق السوداء، بلغت نحو 21880 لتر سولار وبنزين، بمختلف مراكز المحافظة، ومنها الزقازيق وههيا وأبو كبير.</p>', '', 1, '2012-09-02', '2012-09-11 11:43:25', 64, 'اليوم السابع', 'http://youm7.com/news.asp?NewsID=773518&SecID=203', 'الشرقية');
INSERT INTO post (id, title, title_en, content, content_en, published, post_date, created_at, promise_id, source_name, source_link, location) VALUES (105, 'ضبط 5 أطنان سولار وبنزين بكفر الشيخ قبل بيعها بالسوق السوداء', '', '
<img src="" class="float-other-side">

<p>تمكنت حملة مشتركة من مباحث التموين ومديرية التموين بكفر الشيخ من ضبط 5 أطنان سولار وبنزين تم تجميعهم من محطات الوقود بدائرة مركز بيلا لبيعها فى السوق السوداء .

وردت المعلومات للمهندس فوزى عبد العزيز وكيل وزارة التموين تفيد بوجود سولار وبنزين 80 تم تجميعها من محطات الوقود لبيعها فى السوق السوداء لدى عدد من التجار فى قرى مركز بيلا ، فأمر بتشكيل حملة مكونة من الرائد إسلام البدوى رئيس مباحث التموين وعاطف نصر مدير إدارة مكافحة الغش التجارى والتى تمكنت من ضبط " إبراهيم . ج ا ." بمنطقة الناصرية مركز بيلا وبحوزته طن بنزين 80 وتحرر المحضر 11747 جنح مركز شرطة بيلا .</p>', '', 1, '2012-08-25', '2012-09-11 11:43:25', 64, 'اليوم السابع', 'http://youm7.com/news.asp?NewsID=765854&SecID=203', 'كفر الشيخ ');
INSERT INTO post (id, title, title_en, content, content_en, published, post_date, created_at, promise_id, source_name, source_link, location) VALUES (106, ' ضبط مليون لتر بنزين وسولار قبل بيعهما بالسوق السوداء', '', '
<img src="http://www.shorouknews.com/uploadedimages/Sections/Egypt/Accidents/original/Jerry-cans.jpg" class="float-other-side">

<p>
وأسفرت الحملة عن ضبط 22 قضية مواد بترولية بمضبوطات بلغت مليونا و150 ألفا و19 لتر بنزين وسولار، و5 قضايا أسطوانات بوتاجاز بمضبوطات بلغت 378 إسطوانة، و18 قضية دقيق مدعم وأقماح بمضبوطات بلغت 211 طنا و200 كجم دقيق، و79 قضية مخالفات مخابز، و4 قضايا فى مجال الإتجار غير المشروع بالسلع التموينية المدعمة بمضبوطات 5 أطنان و190 كجم زيت وأرز تموينى مدعم.
 

</p>', '', 1, '2012-09-06', '2012-09-11 11:48:37', 64, 'الشروق', 'http://www.shorouknews.com/news/view.aspx?cdate=06092012&id=a0995cb7-bb50-4af3-b075-dd3cc86ed714', 'جميع المحافظات');
INSERT INTO post (id, title, title_en, content, content_en, published, post_date, created_at, promise_id, source_name, source_link, location) VALUES (107, 'ضبط 2000 لتر سولار قبل بيعها بالسوق السوداء بالغربية ', '', '<p>تمكنت مباحث التموين بالغربية من ضبط تاجرين  بمركز المحلة بحوزتهما 2000 لتر سولار مدعوم من قبل الدولة لبيعه في السوق السوداء.</p>
<p>
بدأت الواقعة بتلقي مديرية امن الغربية إخطاراً  بقيام يحيى. ع 35 سنة تاجر، بتخزين السولار في محطة وقود ملكة لبيعه بالسوق السوداء، وعلى الفور تم استهداف المحطة وعثر بداخلها على 1000 لتر سولار مخزن مدعوم، كما تمكن ضباط مبحث التموين من ضبط السيد. ع 38 سنة  تاجر، بأنشاء محطة دون ترخيص وتخزين المواد البترولية بهدف طرحها بالأسواق السوداء وتم استهدافه وضبط 1000 لتر سولار مدعوم ، و 1500 لتر بنزين 80 وتم الحفظ على المضبوطات.
بمواجهتهما اعترفا بتخزين المضبوطات بغرض بيعها في السوق السوداء.</p>
<p>
تم تحرير محاضر لكل واقعة على حدة، واخطار النيابة العامة التي توالت التحقيق.</p>', '', 1, '2012-09-12', '2012-09-12 07:29:15', 64, 'مصراوي', 'http://www.masrawy.com/news/cases/general/2012/september/11/5343246.aspx', 'الغربية');
INSERT INTO post (id, title, title_en, content, content_en, published, post_date, created_at, promise_id, source_name, source_link, location) VALUES (108, '', 'احباط تهريب 8 آلاف لتر سولار في شمال سيناء ', '<p>تمكنت الأجهزة الأمنية في محافظة شمال سيناء من ضبط 8 آلاف و 785 لترا من السولار قبل تهريبها.</p>
<p>
وصرح مصدر أمنى أنه فى إطار الحملات الأمنية المكثفة لضبط السلع المدعمة قبل تهريبها أو بيعها فى السوق السوداء ، وتمكنت قوات الأمن المتمركزة فى مداخل المحافظة ومدينة العريش العاصمة من ضبط 5 سيارات نصف نقل بمناطق رمانة وبئر العبد والميدان على الطريق الدولى (القنطرة/العريش) أثناء توجهها إلى منطقة الحدود لتهريبها الى قطاع غزة.</p>
<p>
وقال إن تفتيش السيارات أسفر عن ضبط جراكن بلاستيكية معبأة بالسولار بإجمالى 8785 لترا، وإنه تم التحفظ على السيارات والمضبوطات، وتحرير محضر لكل سيارة على حدة، وإحالة السائقين إلى الجهات المعنية لمباشرة التحقيقات معهم.</p>
<p>
ومن جهة أخرى، تم ضبط سيارة تحمل 28 اسطوانة غاز منزلى في طريقها إلى المنطقة الحدودية مع غزة لتهريبها عبر الأنفاق، وتم إلقاء القبض على قائد السيارة ، وإحالته إلى الجهات المعنية.</p>', '', 1, '2012-09-12', '2012-09-12 07:31:01', 64, 'مصراوي', 'http://www.masrawy.com/news/cases/general/2012/september/11/5344527.aspx', 'سيناء');
INSERT INTO post (id, title, title_en, content, content_en, published, post_date, created_at, promise_id, source_name, source_link, location) VALUES (109, 'مدير أمن الشرقية يكرم مباحث التموين لضبطهم 5 طن أسمدة مدعمة من قبل الدولة', '', '<p>ام اللواء محمد كمال  مدير أمن الشرقية بصرف مكافأة مالية للعميد كامل علي رئيس مباحث التموين بالمديرية و المقدم محمد زردق وكيل المباحث و 6 مخبرين بالتموين لجهودهم في ضبط
ضبط 5 طن أسمدة كيماوية مدعمة من قبل الدولة داخل محل مرخص ملك مهندس زراعي بمدينة ههيا .</p>
<p>
وكانت الأجهزة الأمنية بالمحافظة قد شنت حملة أمنية مكبرة بمدينة ههيا لضبط كافة صور الخروج على الشرعية، حيث تمكنت الحملة برئاسة العميد أيمن المسلمي وكيل المباحث الجنائية والمقدم محمد زردق وكيل مباحث التموين والرائد تامر الفقي رئيس مباحث ههيا من ضبط 5 طن أسمدة كيماوية مدعمة من قبل الدولة ومخصصة لبنك التنمية والائتمان الزراعي غير مصرح ببيعها بالأسواق داخل محل بشارع عمر بن الخطاب بندر ههيا ملك “إبراهيم شحاتة” مهندس زراعي.
تم التحفظ على المضبوطات وجاري العرض على النيابة العامة .
</p>', '', 1, '2012-09-12', '2012-09-12 07:41:00', 1, 'ONA', 'http://goo.gl/n7AgS', 'الشرقية');
INSERT INTO post (id, title, title_en, content, content_en, published, post_date, created_at, promise_id, source_name, source_link, location) VALUES (110, ' محافظ الإسكندرية يوافق على تنفيذ مشروع توزيع الخبز على المنازل', '', '<img src="http://www.shorouknews.com/uploadedimages/Sections/Egypt/Eg-Politics/original/forn-local.jpg" class="float-other-side" />
<p>

قال إسلام مصطفى، المنسق الإعلامي لملف الخبز بحملة الـ100 يوم للرئيس محمد مرسي بالإسكندرية: "إن المستشار محمد عطا عباس محافظ الإسكندرية، وافق أمس الاثنين، على تعميم مشروع  توزيع الخبز على المنازل بالعاصمة الثانية".

 </p>', '', 1, '2012-09-18', '2012-09-18 14:36:16', 40, 'الشروق', 'http://www.shorouknews.com/news/view.aspx?cdate=18092012&id=eb0dfa33-056c-42ce-897b-d026e5e35268', 'الإسكندرية');
INSERT INTO post (id, title, title_en, content, content_en, published, post_date, created_at, promise_id, source_name, source_link, location) VALUES (111, ' نتائج الحملات الأمنية المكبرة ببحيرة المنزلة ', '', '<iframe width="420" height="315" src="http://www.youtube.com/embed/2ygb55FQnLM" frameborder="0" allowfullscreen></iframe>', '', 1, '2012-09-23', '2012-09-23 18:13:21', 4, 'MOI Youtube page', 'http://www.youtube.com/watch?v=2ygb55FQnLM&feature=share', 'المنزلة');
INSERT INTO post (id, title, title_en, content, content_en, published, post_date, created_at, promise_id, source_name, source_link, location) VALUES (112, ' جهود أجهزة الوزارة عن يوم السبت 22/9/2012 ', '', '<iframe width="420" height="315" src="http://www.youtube.com/embed/68gAHhX9vSI" frameborder="0" allowfullscreen></iframe>', '', 1, '2012-09-22', '2012-09-23 18:17:54', 4, 'MOI Youtube page', 'http://www.youtube.com/watch?v=68gAHhX9vSI&feature=share', 'جميع المحافظات');
INSERT INTO post (id, title, title_en, content, content_en, published, post_date, created_at, promise_id, source_name, source_link, location) VALUES (113, ' كشف غموض واقعة إختطاف طفل وطلب فدية بالسويس ', '', '<iframe width="420" height="315" src="http://www.youtube.com/embed/pJ7VAgHQYXY" frameborder="0" allowfullscreen></iframe>', '', 1, '2012-09-22', '2012-09-23 18:17:54', 4, 'MOI Youtube Page', 'http://www.youtube.com/watch?v=pJ7VAgHQYXY&feature=share', 'السويس ');
INSERT INTO post (id, title, title_en, content, content_en, published, post_date, created_at, promise_id, source_name, source_link, location) VALUES (114, ' جهود أجهزة الوزارة عن يوم 20/9/2012 ', '', '<iframe width="420" height="315" src="http://www.youtube.com/embed/FP0kFA_Fa8Q" frameborder="0" allowfullscreen></iframe>', '', 1, '2012-09-20', '2012-09-23 18:21:44', 4, 'MOI Youtube page', 'http://www.youtube.com/watch?v=FP0kFA_Fa8Q&feature=relmfu', 'جميع المحافظات');
INSERT INTO post (id, title, title_en, content, content_en, published, post_date, created_at, promise_id, source_name, source_link, location) VALUES (115, 'طرح مناقصة لشراء كاميرات مراقبة ومنظومة جديدة للقضاء على الأزمات المرورية بالغربية', '', '<img src="http://gate.ahram.org.eg/Media/News/2012/7/22/2012-634785621122808606-280_main_thumb300x190.jpg" class="float-other-side"/>
<p>
طالب المستشار محمد عبد القادر، محافظ الغربية، بتكثيف الرقابة على محطات الوقود والتواجد المرورى بنطاقها لمنع تكدس السيارات وتعطيل الحركة المرورية ولفت المحافظ أنه يجرى حاليًا الإعداد لمنظومة جديدة وحديثة للمرور، وطرح مناقصة لشراءالأجهزة والكاميرات والإشارات والعلامات الضوئية اللازمة لتنظيم المرور.

جاء ذلك خلال الاجتماع الموسع الذى عقده محافظ الغربية بديوان عام المحافظة اليوم لمناقشة أزمة المواصلات وحالة الطرق والاختناقات المرورية بحضور الجهاز التنفيذى بالمحافظة من رؤساء المراكز والمدن ووكلاء الوزارات والهيئات المعنية.
</p>', '', 1, '2012-09-27', '2012-09-28 12:22:25', 33, 'الأهرام', 'http://gate.ahram.org.eg/News/255406.aspx', 'الغربية');
INSERT INTO post (id, title, title_en, content, content_en, published, post_date, created_at, promise_id, source_name, source_link, location) VALUES (116, ' تحرر سعر الدقيق للمخابز.. والمحليات تتولى مهمة التوزيع', '', '<img src="http://elwatanmedia.sarmady.net/News/Large/15869_660_Wheat_flour_farine_de_ble.jpg" class="float-other-side"/>
<p>قال الدكتور أحمد خورشيد، مستشار وزير التموين لشئون المطاحن والمخابز، إن لجنة تحرير سعر الدقيق بدأت بالفعل أعمالها لتحرير سعر القمح بتسليمه للمطاحن والمخابز بالسعر الحر، على أن تتسلمه المحليات فى كل محافظة من المخابز طبقاً لعدد الأرغفة التى ينتجها كل جوال، على أن يتم بيعه للمواطنين بالسعر المدعم للقضاء على عمليات تسريب الدقيق والتلاعب فى الأوزان، حيث يحصل المطحن وصاحب المخبز والمواطن على حقه كاملاً.
</p>', '', 1, '2012-09-30', '2012-10-06 12:05:13', 40, 'الوطن ', 'http://www.elwatannews.com/news/details/55327', 'كل المحافظات');
INSERT INTO post (id, title, title_en, content, content_en, published, post_date, created_at, promise_id, source_name, source_link, location) VALUES (117, 'بيان رئاسي عن رفع الإنتاجية والقيمة الغذائية لدقيق الخبز.  ', '', '<p>
<br>
الإجراءات المتخذة لرفع الإنتاجية :ـ<br>
<br>
&nbsp;&nbsp;&nbsp;&nbsp;&nbsp;&nbsp;&nbsp;&nbsp; ولزيادة الإنتاجية قامت
الوزارة خلال الفترة أغسطس وسبتمبر 2012 باتخاذ عدة إجراءات هامة من شانها
رفع الإنتاجية ، تمثلت فى الاتى :<br>
<br>
<ul>
<li>قامت الوزارة بتوزيع كامل حصص الدقيق التموينى لجميع المحافظات
والتى تبلغ&nbsp; :</li>
</ul>
<ul>
<li>- 604 ألف طن دقيق بلدى 82 % شهريا للمخابز البلدية ، وعددها 19.2
ألف مخبز</li>
<li>- 84.4 ألف دقيق طباقى 76 % للمخابز الطباقى ، وعددها 5660 مخبز .</li>
</ul>
<ul>
<li>&nbsp;&nbsp;&nbsp; تركيب وتشغيل 9 خطوط جديدة لإنتاج 300 ألف رغيف
يوميا بالطالبية&nbsp; " الهرم "&nbsp; التابع للشركة العامة للمخابز
والمخصص لإنتاج خبز بلدى ملدن بسعر خمسة قروش&nbsp; و فى انتظار افتتاحه
من السيد الدكتور رئيس مجلس الوزراء أول أكتوبر
القادم&nbsp;&nbsp;&nbsp;&nbsp;&nbsp; مما يضيف طاقة إنتاجية كبيرة من
الخبز ذو الجودة العالية لخدمة المواطنين .&nbsp; </li>
<li>&nbsp;&nbsp;&nbsp; زيادة خطوط الإنتاج بمخابز كل من&nbsp; 15 مايو
والدقى ، وإمدادها بحصة الدقيق اللازمة لاستيعاب زيادة الطلب على الخبز فى
تلك المنطقتين 0</li>
<li>&nbsp;&nbsp;&nbsp; تم إصدار كتاب دورى لجميع مديريات التموين
بتشغيل اى مخبز متوقف بسبب&nbsp;&nbsp;&nbsp; وجود جزاءات عليه للقضاء
نهائيا على ظاهرة طوابير الخبز أينما وجدت 0</li>
<li>&nbsp;&nbsp;&nbsp; الانتهـاء مـن تطويـر وتحديـث جميـع آلات ومعدات
مطحن الاتحاد بطنطا بقدرة إنتاجية 350 طن قمح / يوم ، بمعدات صناعة
ألمانية بأحدث نظم تكنولوجيا الطحن بتكلفة بلغت نحو 45 مليون جنيه ، وفى
انتظار تفضل السيد الدكتور رئيس مجلس الوزراء بافتتاحه بمناسبة احتفال
محافظة الغربية بعيدها القومى خلال
الفترة&nbsp;&nbsp;&nbsp;&nbsp;&nbsp;&nbsp;&nbsp;&nbsp;&nbsp;&nbsp;&nbsp;&nbsp;&nbsp;&nbsp;&nbsp;&nbsp;&nbsp;&nbsp;&nbsp;&nbsp;
من 7-14/10/2012 .</li>
<li>&nbsp;&nbsp;&nbsp; إجراء تجارب تشغيل مطحنين الأول فى امبابه
بالجيزة بقدرة إنتاجية
قدرها&nbsp;&nbsp;&nbsp;&nbsp;&nbsp;&nbsp;&nbsp;&nbsp; 360 طن قمح / يوم
، والأخر بالإسكندرية بطاقة إنتاجية قدرها 200 طن قمح / يوم&nbsp; بعد
تحديث وتطوير الآلات والمعدات ، بما يضيف نوعية متميزة من الدقيق تنعكس
إيجابا على تحسين نوعية الخبز ، وسيبدأ الإنتاج فى أكتوبر الجارى .</li>
<li>&nbsp;&nbsp;&nbsp; استجابة لمطالب السادة المحافظين بتدعيم حصص بعض
المحافظات من الدقيق البلدى 82 % أو الطباقى 76 % ودعما للمواطن المصرى ،
تم زيادة حصة محافظة القليوبية بكمية قدرها 200 طن / شهر ، وكمية 100 طن /
شهر من الدقيق الطباقى 76 % ، كما تم زيادة حصة محافظة المنوفية بكمية
قدرها 200 طن / شهر من الدقيق البلدى 82 %&nbsp; ، وكذلك محافظة الوادى
الجديد بكمية قدرها 100 طن / شهر من الدقيق 82 % ، بالإضافة الى زيادة حصة
محافظة السويس بكمية 50 طن / شهر لمواجهة موسم الصيد ، كما تم زيادة حصة
الدقيق لمحافظة الأقصر بكمية قدرها&nbsp;&nbsp;&nbsp; 120 طن / شهر لتشغيل
خطين جديدين فى المخبز المليونى المنشأ بالمحافظة لتوفير رغيف الخبز
وزيادة المعروض منه .</li>
<li>&nbsp;&nbsp;&nbsp; تم تغيير نسبة الاستخراج للدقيق الطباقى من 76%
الى 80% للحد من تسريبه&nbsp;&nbsp;&nbsp; الى مصانع المكرونة و الخبز
الافرنجى ، فضلا عن توفير فى الدعم لهذه النوعية بنسبة 4 % تعادل نحو 75
مليون جنيه وفراً سنوياً .</li>
<li>&nbsp;&nbsp;&nbsp; كان المردود الايجابى لما اتخذته الوزارة من جهد
فى مجال متابعة جودة وتحسين رغيف الخبز واضحا و جليا وملموسا شعر به
المواطنين و لم ترصد أية ظواهر لاختناقات أو ندرة فى الكميات الموزعة من
رغيف الخبز .</li>
</ul>
<br>



</p>
', '', 1, '2012-10-06', '2012-10-06 18:05:39', 39, 'بيان من المستشار يحيي حامد - رئاسة الجمهورية', 'http://goo.gl/kDN2w', '');
INSERT INTO post (id, title, title_en, content, content_en, published, post_date, created_at, promise_id, source_name, source_link, location) VALUES (118, 'قرار إداري بمنح مكافآات ', '', '<p>
تم منح مكافأت اضافية للعاملين بهيئة النظافة والتجميل بالقاهرة نظير ورديات ليلية اضافية وحملات لازالة القمامة متكررة خلال فترة المائة يوم.
<p><strong>
<a href="http://sphotos-f.ak.fbcdn.net/hphotos-ak-ash4/430096_418619351527321_572272260_n.jpg">
المصدر: صفحة الرئيس
 محمد مرسي - فيس بوك
</a>
</strong>
</p>
</p>', '', 1, '2012-10-08', '2012-10-07 22:11:34', 52, 'الصفحة الرسمية للرئيس محمد مرسي على الفيس بوك', 'http://sphotos-f.ak.fbcdn.net/hphotos-ak-ash4/430096_418619351527321_572272260_n.jpg', '');
INSERT INTO post (id, title, title_en, content, content_en, published, post_date, created_at, promise_id, source_name, source_link, location) VALUES (119, 'انشاء خط ساخن لنقل مخلفات البناء', '', '<p>    تم تخصيص خط ساخن رقم 19808 يعمل على مدار 24 ساعة لتلقى البلاغات والشكاوى من المواطنين وتم الإعلان عنه بالقنوات التلفيزيونية والإذاعة ، حيث يتم إستقبال الشكاوى والبلاغات ويتم التعامل الفوري معها من خلال وزارة البيئة كما تم الإعلان عن الأرقام الآتية
<ul>
    <li>الخط الساخن بالقاهرة 152</li>
    <li>الخط الساخن بالجيزة 37486984</li>
</ul>
</p>', '', 1, '2012-10-08', '2012-10-07 22:28:59', 56, 'الصفحة الرسمية للرئيس محمد مرسي على الفيس بوك', 'http://www.facebook.com/photo.php?fbid=418619391527317&set=a.418619321527324.100626.377633175625939&type=1&permPage=1', 'جميع المحافظات');
INSERT INTO post (id, title, title_en, content, content_en, published, post_date, created_at, promise_id, source_name, source_link, location) VALUES (120, 'المشروع منجز جزئيا', '', '<p>هذا المشروع منجز جزئيا  لأنه يطبق فى جميع المحافظات عدا بعض المناطق النائية مترامية الأطراف والتى لا يمكن الفصل فيها ، والمشروع مطبق على نحو 92 % من عدد المخابز ، ويطبق بعدة طرق ، وهى :
</p>
<p>
فى القاهرة والجيزة عن طريق منافذ شركة المصريين للتوزيع والخدمات التى تستلم الخبز من المخابز طبقا للحصص ، وتقوم بالبيع من خلال المنافذ التابعة لها .
فى باقى المحافظات ، أما عن طريق المنافذ الثابتة أو المتحركة عن طريق الوحدات المحلية ، أو عن طريق قيام بعض الجمعيات باستلام الخبز وتوزيعه على المواطنين بموجب كشوف توزيع وحصة محددة للمواطن .
</p>

<a href="http://goo.gl/kDN2w">المصدر: بيان رئاسي</a>', '', 1, '2012-10-07', '2012-10-08 07:22:07', 40, 'بيان من المستشار يحيي حامد - رئاسة الجمهورية ', 'http://goo.gl/kDN2w', 'جميع المحافظات');
INSERT INTO post (id, title, title_en, content, content_en, published, post_date, created_at, promise_id, source_name, source_link, location) VALUES (121, 'دعم وتقوية المخابز الكبيرة المجمعة ', '', '<p>
			ينفذ هذا المشروع على محورين ، هما :ـ</p>
		<p>
			فعلى مستوى المحور الاول تم تنفيذ هذا التكليف فور صدوره حيث قامت الوزارة بالاتى :</p>
		<p>
			المحور الثانى : فى مجال إنشاء المخابز المليونية الجديدة &quot; جارى &quot;</p>
		<p>
			<br />
			<strong>المحور الأول </strong>: دعم المخابز القائمة حاليا كبيرة الإنتاجية التابعة لقطاع الأعمال العام أو المخابز المليونية سواء الآلية منها أو النصف آلية المنشأة بالمحافظات وتدبير الحصص لها وتم انجازه .</p>
		<p>
			<strong>المحور الثانى :</strong> المضى قدما فى إنشاء المخابز المليونية المجمعة بتمويل من منح أو عن طريق المحافظات .</p>
		<p>
			&nbsp;</p>
		<ul>
			<li>
				تركيب وتشغيل 9 خطوط جديدة لإنتاج 300 ألف رغيف يوميا بالطالبية &quot; الهرم &quot; محافظة الجيزة التابع للشركة العامة للمخابز والمخصص لإنتاج خبز بلدى ملدن بسعر خمسة قروش ، وفى انتظار افتتاحه من السيد الدكتور رئيس مجلس الوزراء أول أكتوبر القادم ، مما يضيف طاقة إنتاجية كبيرة من الخبز ذو الجودة العالية لخدمة المواطنين . &nbsp;</li>
			<li>
				زيادة خطوط الإنتاج بمخابز كل من 15 مايو والدقى وإمدادها بحصة الدقيق اللازمة لاستيعاب زيادة الطلب على الخبز فى تلك المنطقتين.</li>
			<li>
				تم زيادة حصة الدقيق لمحافظة الأقصر بكمية 120 طن / شهر لتشغيل خطين جديدين فى المخبز المليونى المنشأ بالمحافظة لتوفير رغيف الخبز وزيادة المعروض من الخبز بالمحافظة .</li>
			<li>
				توفير كامل الحصة لتشغيل المخبز الآلى المليونى بالشيخ زايد بمحافظة الجيزة ، لإنتاج 1,4 مليون رغيف لتوفير الخبز المدعم لمناطق 6 أكتوبر والشيخ زايد ومشروع ابنى بيتك والمناطق المجاورة بإمبابة والوراق وبولاق الدكرور.</li>
			<li>
				توفير كامل الحصة لتشغيل مخبز مليوني بمحافظة قنا لإنتاج الرغيف البلدي المدعم ، فى إطار جهود الوزارة لتوفير الخبز البلدي .</li>
			<li>
				توفير كامل الحصة لمخبز كبير الإنتاجية بمرسى مطروح .</li>
			<li>
				تم إفتتاح مخبز كبير بالعواميه بندر الأقصر فى إطار جهود الوزارة لتوفير الخبز البلدي</li>
		</ul>
		<p>
			<br />
			فى إطار اتفاقية تبادل الديون مع الجانب الايطالى وبعد إنشاء مخبز الشيخ زايد بالجيزة وبدأ العمل فى مطلع هذا العام جارى العمل لإنشاء عدد 2 مخبز آلى عملاق يقع فى محافظة القليوبية ( حى شرق شبرا الخيمة ) وتم وضع حجر الأساس له ، ومخبز اخر فى محـــافظة الجيزة ( منطقة كعبيش ) بهدف توفير الخبز المدعم وتيسير الحصول عليه لكافة المواطنين ، وكذا الإسكندرية .</p>
		<p>
			وامتدادا لهذه المسيرة تطرق الوزارة كافة الأبواب بالتنسيق والتعاون مع وزارتى التعاون الدولى والخارجية لتفعيل أوجه التعاون مع الدول الصديقة المختلفة لمساعدة مصر فى إنشاء مجمعات المخابز المليونية ، ومن هذه الجهات دولة ألمانيا وايطاليا والصين وغيرها من الدول .</p>
		<p>
			تشجيع المحافظات على إنشاء المخابز المليونية أسوة بما تم فى المنيا وقنا والاقصر ، وتوفير الحصص الكاملة من الدقيق لها .<br />
			&nbsp;</p>', '', 1, '2012-10-07', '2012-10-08 07:28:56', 43, 'بيان من المستشار يحيي حامد - رئاسة الجمهورية ', 'http://goo.gl/kDN2w', 'جميع المحافظات');
INSERT INTO post (id, title, title_en, content, content_en, published, post_date, created_at, promise_id, source_name, source_link, location) VALUES (122, 'نسبة الانجاز  نحو 54%', '', '<p>
     بموجب العقد الموقع مع أصحاب المخابز ، يتم منح المخبز الذى لا تحرر ضده أية مخالفات تموينية خلال الشهر حافز جودة قدره ( 5 جنيه ) عن كل جوال ، طبقا لحصته الشهرية التى قام بتشغيلها بالفعل .
<br />
     وخلال الشهر يتم صرف الحافز لعدد  نحو 10465 مخبز من اجمالى عدد المخابز وعددها 19200 مخبز بنسبة نحو 54 % منها ،  يتم صرفها فور إتاحتها من         وزارة المالية .
</p>', '', 1, '2012-10-07', '2012-10-07 00:00:00', 47, 'بيان من المستشار يحيي حامد - رئاسة الجمهورية ', 'http://goo.gl/kDN2w', 'جميع المحافظات');
INSERT INTO post (id, title, title_en, content, content_en, published, post_date, created_at, promise_id, source_name, source_link, location) VALUES (123, 'انجاز جزئي 11%', '', '<p>  بلغت عدد المخابز التى تعمل بالغاز حتى 30/9/2012  2144 مخبز ، تمثل نسبة      11 % من اجمالى المخابز .<br/>
     تقوم الوزارة من جانبها باتخاذ كافة الإجراءات التى تشجع على تحول المخابز التى تعمل بالسولار الى العمل بالغاز ، ويتم التنبيه باستمرار على أصحاب المخابز بإيقاف الحصة        فى حالة عدم التحول الى الغاز .
<br />
     ومساهمة من الوزارة فى التخفيف عن أصحاب المخابز تم مد المهلة المقررة للمخبز   الذى يقع على خط الغاز لتوفيق أوضاعه والتحول الى الغاز .
</p>', '', 1, '2012-10-07', '2012-10-08 07:34:12', 48, 'بيان من المستشار يحيي حامد - رئاسة الجمهورية ', 'http://goo.gl/kDN2w', 'جميع المحافظات');
INSERT INTO post (id, title, title_en, content, content_en, published, post_date, created_at, promise_id, source_name, source_link, location) VALUES (124, 'انجاز جزئى', '', '<p>
			<strong>ينقسم مفتشى التموين الى قسمين ، هما :ـ</strong></p>
		<ul>
			<li>
				العاملون بديوان عام الوزارة ويحصلون على مكافآت وحوافز وبدل جهود من الوزارة ومقابل الضبطية القضائية ، وليس لهم أية طلبات أخرى .</li>
			<li>
				العاملون فى مديريات التموين والمفتشون وموازناتهم تابعة للمحليات&nbsp;</li>
		</ul>
		<p>
			وقد تقدموا بطلبات عديدة مالية قام معالى السيد الوزير بالرد عليها ، وتمثلت فى الاتى :</p>
		<ul>
			<li>
				<p style="margin-left: 40px; ">
					إصدار طابع تموينى يوضع على خدمات التموين يعود عائده على العاملين بالتموين .</p>
			</li>
			<li>
				وذلك يستلزم عدة إجراءات قانونية وتشريعية يمكن دراستها بمعرفة المختصين القانونيين والعرض على السلطة التشريعية لإتخاذ ما يلزم بشأنها .</li>
			<li>
				رفع مكافأة نهاية الخدمة للعاملين بالتموين من شهر إلى شهرين .</li>
			<li>
				وذلك يتطلب الدراسة مع وزارة المالية فى إطار ما تتخذه من إجراءات للإصلاح المالى الشامل لكافة العاملين بالدولة .</li>
			<li>
				بالنسبة لوضع ضوابط للصرف من حصيلة الغرامات للعاملين بالتموين بنسب متساوية .</li>
			<li>
				فقد تم التنبيه على السادة مديرى المديريات تنفيذ ضوابط الصرف على كافة ما يصرف من مزايا مادية بما يحقق العدالة بين جميع العاملين .</li>
			<li>
				صرف بدل الضبطية القضائية للعاملين بالمحافظات بنسبة 100 % أسوة بالوزارة فقد تم مخاطبة السيد اللواء / وزير التنمية المحلية للنظر فى إمكانية تدبيرها من حصيلة صندوق المحافظات .</li>
			<li>
				زيادة حافز الإنتاج
				<ul>
					<li>
						فقد قام معالى الوزير بإصدار تعليمات بإتخاذ إجراءات تدبير صرف مبلغ 5.3 مليون جنيه سنوياً تخصص للعاملين بالمديريات إعتباراً من 1/10/2012 ، وذلك فى حدود 150 جنيهاً لكل مفتش من خارج الموازنة العامة للدولة .</li>
				</ul>
			</li>
			<li>
				صرف بدل طبيعة العمل أو بدل المخاطر
				<ul>
					<li>
						فيتم صرف بدل عدوى للعاملين ذوى الإختصاص ، أما بالنسبة لصرف بدل طبيعة عمل فهى محددة بقرار السيد رئيس مجلس الوزراء رقم 525 لسنة 2009 والجهاز المركزى للمحاسبات للفئات على سبيل الحصر .</li>
				</ul>
			</li>
			<li>
				تحديد العلاوة الدورية ليكون 7%
				<ul>
					<li>
						فهذا أمر يدخل فى نطاق قانون نظام العاملين بالدولة وسياسة الدولة فى هذا الشأن يتجه إلى تحقيق العدالة الإجتماعية ورفع مستوى الأجور فى ظل منظومة إصلاح شامل .</li>
				</ul>
			</li>
		</ul>
		<p>
			هـذا وعلـى الرغـم مـن أن مديريات التموين تتبع المحافظات إلا ان الوزارة قامت بإتخاذ إجراءات تدبير موارد لزيادة حافز الإنتاج للمديريات ودعم العاملين بها تحت مسئوليتها وتتخذ ما يمكنها من إجراءات لتلبية طلباتها .<br />
			&nbsp;</p>', '', 1, '2012-10-07', '2012-10-08 07:39:37', 50, 'بيان من المستشار يحيي حامد - رئاسة الجمهورية ', 'http://goo.gl/kDN2w', 'جميع المحافظات');
INSERT INTO post (id, title, title_en, content, content_en, published, post_date, created_at, promise_id, source_name, source_link, location) VALUES (126, 'طريقه تتبع أهم التحديثات المرورية ', '', '<p>طريقه تتبع أهم التحديثات المرورية على هاتفك المحمول من خلال الصفحة الرسمية للإدارة العامة لمرور القاهرة على موقع التواصل الإختماعي توييتر
<br />
<a href="https://www.facebook.com/photo.php?v=10151034548579587">شاهد الفديو</a>

</p>', '', 1, '2012-10-08', '2012-10-09 18:40:26', 29, 'الصفحة الرسمية للإدارة العامة لمرور القاهرة', 'https://www.facebook.com/photo.php?v=10151034548579587', '');
INSERT INTO post (id, title, title_en, content, content_en, published, post_date, created_at, promise_id, source_name, source_link, location) VALUES (127, 'بالصور..ضباط وضابطات الشرقية يشاركون فى ندوات بالمدارس ', '', '<img src="http://new.elfagr.org/Portal_News/big/1819482012107797.jpg" class="float-other-side" />
<p>فى إطار السياسة التى تتبعها وزارة الداخلية لتطوير منظومة الأداء الأمنى  لتوطيد العلاقة بين جهاز الشرطة والشعب قامت مديرية أمن الشرقية بقيادة اللواء محمد كمال جلال مدير أمن الشرقية بعقد ندوات تثقيفية على مستوى المدارس بالمحافظة .
</p>
<p>

 وبالتنسيق مع مديرية التربية والتعليم بالمحافظة تم عقد  9ندوات تثقيفية لتوعية الطلبة والطالبات بأهمية حقوق الإنسان والعلاقات العامة والإعلام ومجال الحماية المدنية والمرور ومشاكله وكيفية التغلب عليها وتوعية التلاميذ بالسلوكيات المتحضرة فى اتباع الإرشادات العامة للمرور,
 </p><p>
 وقام بالزيارة وعقد الندوات كلا من العقيد أميرة فؤاد رئيس قسم العلاقات الإنسانية حقوق الإنسان بالمديرية والمقدم محمد عدلى بمرور الشرقية والنقيب هشام مصطفى بالحماية المدنية والنقيب مها ماهر بمكتب العلاقات العامة والإعلام وملازم أول هبة طارق بقسم حقوق الإنسان.

 </p>
 <p>
 وفى نهاية الزيارة قام الضباط والضابطات بتوزيع الهدايا التذكارية والرمزية على الطلبة والطالبات. </p>', '', 1, '2012-11-08', '2012-10-09 18:53:32', 34, 'جريدة الفجر', 'http://new.elfagr.org/Detail.aspx?nwsId=199655&secid=34&vid=2&utm_source=twitterfeed&utm_medium=twitter', 'الشرقية');